Workbook

Sheet 教师安排
A1: 江河高级中学2026年春季学期课务安排表
A2: 科目 | B2: 高一（1）班 | C2: 高一（2）班 | D2: 高一（3）班 | E2: 高一（4）班 | F2: 高二（1）班 | G2: 高二（2）班 | H2: 高二（3）班 | I2: 高二（4）班 | J2: 高二（5）班 | K2: 高二（6）班 | L2: 高二（7）班 | M2: 高二（8）班 | N2: 高二（9）班 | O2: 高二（10）班 | P2: 高二（11）班 | Q2: 高一英语（1）班 | R2: 高一英语（2）班 | S2: 高一俄语（1）班 | T2: 高一俄语（2）班 | U2: 高二俄语（2）班 | V2: 高二俄语（1）班 | W2: 高二英语（1）班 | X2: 高二英语（2）班 | Y2: 高二英语（3）班
A3: 语文 | B3: 杨彬 | C3: 史振塞 | D3: 杨彬 | E3: 史振塞 | F3: 张冰雪 | G3: 姜媛媛 | H3: 王雪莲 | I3: 路睿 | J3: 张冰雪 | K3: 王菲 | L3: 路睿 | M3: 王雪莲 | N3: 王菲 | O3: 姜媛媛 | P3: 路睿
A4: 数学 | B4: 侯淑贤 | C4: 姚来朋 | D4: 姚来朋 | E4: 侯淑贤 | F4: 赵雪敏 | G4: 王露 | H4: 范林林 | I4: 高文凤 | J4: 赵雪敏 | K4: 孙娜 | L4: 范林林 | M4: 孙娜 | N4: 范林林 | O4: 王露 | P4: 高文凤
A5: 外语 | B5: 岳/厉 | C5: 岳/厉 | D5: 岳/厉 | E5: 岳/厉 | F5: 王灼 | G5: 翟淑玮 | H5: 韩丽梅 | I5: 宋平 | J5: 王灼 | K5: 胡存想 | L5: 王/宋/翟/胡 | M5: 韩/宋/翟/胡 | N5: 宋/韩/王 | O5: 翟/韩/王 | P5: 胡/韩/王
A6: 物理 | B6: 康波 | C6: 张雨晴 | D6: 张雨晴 | E6: 康波 | F6: 孙存义 | G6: 孙存义 | H6: 孙存义 | I6: 康波
A7: 化学 | B7: 马崇庆 | C7: 宋开元 | D7: 宋开元 | E7: 马崇庆 | F7: 李振铎 | G7: 李振铎 | H7: 马崇庆 | I7: 宋开元
A8: 生物 | B8: 周兴玲 | C8: 周兴玲 | D8: 周兴玲 | E8: 周兴玲 | F8: 刘腾 | G8: 蒋心言 | J8: 刘腾 | K8: 蒋心言
A9: 历史 | B9: 李雯 | C9: 田凤美 | D9: 李雯 | E9: 李雯 | J9: 田凤美 | K9: 董艳华 | L9: 田凤美 | M9: 董艳华 | N9: 夏文杰 | O9: 董艳华 | P9: 夏文杰
A10: 政治 | B10: 刘珊珊 | C10: 刘珊珊 | D10: 张雯皓 | E10: 刘珊珊 | L10: 张雯皓 | M10: 张鑫 | N10: 李浩然 | O10: 李浩然 | P10: 张鑫
A11: 地理 | B11: 李会玲 | C11: 李会玲 | D11: 李会玲 | E11: 李会玲 | H11: 孙锦锦 | I11: 孙秋杰 | J11: 王硕 | K11: 孙秋杰 | L11: 孙锦锦 | M11: 王硕 | N11: 王硕 | O11: 孙锦锦 | P11: 孙秋杰
A12: 体育 | B12: 王庆超 | C12: 王庆超 | D12: 王庆超 | E12: 王庆超 | F12: 袁奇 | G12: 刘天骄 | H12: 袁奇 | I12: 刘天骄 | J12: 袁奇 | K12: 刘天骄 | L12: 袁奇 | M12: 刘天骄 | N12: 袁奇 | O12: 刘天骄 | P12: 袁奇
A13: 音乐 | B13: 李冰慧 | C13: 李冰慧 | D13: 李冰慧 | E13: 李冰慧
A14: 美术 | B14: 张苏 | C14: 张苏 | D14: 张苏 | E14: 张苏
A15: 信息 | B15: 张喆 | C15: 张喆 | D15: 张喆 | E15: 张喆 | F15: 孙显阳 | G15: 张喆 | H15: 孙显阳 | I15: 张喆 | J15: 孙显阳 | K15: 张喆 | L15: 孙显阳 | M15: 张喆 | N15: 孙显阳 | O15: 张喆 | P15: 孙显阳
A16: 通用 | F16: 孙显阳 | G16: 孙显阳 | H16: 孙显阳 | I16: 孙显阳 | J16: 孙显阳 | K16: 孙显阳 | L16: 孙显阳 | M16: 孙显阳 | N16: 孙显阳 | O16: 孙显阳 | P16: 孙显阳
A17: 班会 | B17: 侯淑贤 | C17: 田凤美 | D17: 厉彦龙 | E17: 王庆超 | F17: 李振铎 | G17: 蒋心言 | H17: 王雪莲 | I17: 高文凤 | J17: 张冰雪 | K17: 孙娜 | L17: 刘天骄 | M17: 韩丽梅 | N17: 王菲 | O17: 翟淑玮 | P17: 张鑫
A18: 自习
A19: 自习（语） | B19: 杨彬 | C19: 史振塞 | D19: 杨彬 | E19: 史振塞 | F19: 张冰雪 | G19: 姜媛媛 | H19: 王雪莲 | I19: 路睿 | J19: 张冰雪 | K19: 王菲 | L19: 路睿 | M19: 王雪莲 | N19: 王菲 | O19: 姜媛媛 | P19: 路睿
A20: 自习（数） | B20: 侯淑贤 | C20: 姚来朋 | D20: 姚来朋 | E20: 侯淑贤 | F20: 赵雪敏 | G20: 王露 | H20: 范林林 | I20: 高文凤 | J20: 赵雪敏 | K20: 孙娜 | L20: 范林林 | M20: 孙娜 | N20: 范林林 | O20: 王露 | P20: 高文凤
A21: 自习（外） | B21: 岳/厉 | C21: 岳/厉 | D21: 岳/厉 | E21: 岳/厉 | F21: 王灼 | G21: 翟淑玮 | H21: 韩丽梅 | I21: 宋平 | J21: 王灼 | K21: 胡存想 | L21: 王/宋/翟/胡 | M21: 韩/宋/翟/胡 | N21: 宋/韩/王 | O21: 翟/韩/王 | P21: 胡/韩/王
A22: 自习（物） | B22: 康波 | C22: 张雨晴 | D22: 张雨晴 | E22: 康波 | F22: 孙存义 | G22: 孙存义 | H22: 孙存义 | I22: 康波
A23: 自习（化） | B23: 马崇庆 | C23: 宋开元 | D23: 宋开元 | E23: 马崇庆 | F23: 李振铎 | G23: 李振铎 | H23: 马崇庆 | I23: 宋开元
A24: 自习（生） | B24: 周兴玲 | C24: 周兴玲 | D24: 周兴玲 | E24: 周兴玲 | F24: 刘腾 | G24: 蒋心言 | J24: 刘腾 | K24: 蒋心言
A25: 自习（历） | B25: 李雯 | C25: 田凤美 | D25: 李雯 | E25: 李雯 | J25: 田凤美 | K25: 董艳华 | L25: 田凤美 | M25: 董艳华 | N25: 夏文杰 | O25: 董艳华 | P25: 夏文杰
A26: 自习（政） | B26: 刘珊珊 | C26: 刘珊珊 | D26: 张雯皓 | E26: 刘珊珊 | L26: 张雯皓 | M26: 张鑫 | N26: 李浩然 | O26: 李浩然 | P26: 张鑫
A27: 自习（地） | B27: 李会玲 | C27: 李会玲 | D27: 李会玲 | E27: 李会玲 | H27: 孙锦锦 | I27: 孙秋杰 | J27: 王硕 | K27: 孙秋杰 | L27: 孙锦锦 | M27: 王硕 | N27: 王硕 | O27: 孙锦锦 | P27: 孙秋杰
A28: 政史 | B28: 刘珊珊 | C28: 刘珊珊 | D28: 李雯 | E28: 李雯
A29: 理化 | B29: 张雨晴 | C29: 张雨晴 | D29: 马崇庆 | E29: 宋开元
A30: 地生 | B30: 李会玲 | C30: 李会玲 | D30: 蒋心言 | E30: 刘腾
A31: 听力 | B31: 岳/厉 | C31: 岳/厉 | D31: 岳/厉 | E31: 岳/厉 | F31: 王灼 | G31: 翟淑玮 | H31: 韩丽梅 | I31: 宋平 | J31: 王灼 | K31: 胡存想 | L31: 王/宋/翟/胡 | M31: 韩/宋/翟/胡 | N31: 宋/韩/王 | O31: 翟/韩/王 | P31: 胡/韩/王
A32: 练字（语） | B32: 杨彬 | C32: 史振塞 | D32: 杨彬 | E32: 史振塞 | F32: 张冰雪 | G32: 姜媛媛 | H32: 王雪莲 | I32: 路睿 | J32: 张冰雪 | K32: 王菲 | L32: 路睿 | M32: 王雪莲 | N32: 王菲 | O32: 姜媛媛 | P32: 路睿
A33: 练字（外） | B33: 岳/厉 | C33: 岳/厉 | D33: 岳/厉 | E33: 岳/厉 | F33: 王灼 | G33: 翟淑玮 | H33: 韩丽梅 | I33: 宋平 | J33: 王灼 | K33: 胡存想 | L33: 王/宋/翟/胡 | M33: 韩/宋/翟/胡 | N33: 宋/韩/王 | O33: 翟/韩/王 | P33: 胡/韩/王
A34: 语 文
A35: 外 语
A36: 生 物
A37: 政 治
A38: 历 史
A39: 地 理
A40: 活动
A41: 限时（语） | B41: 杨彬 | C41: 史振塞 | D41: 杨彬 | E41: 史振塞 | F41: 张冰雪 | G41: 姜媛媛 | H41: 王雪莲 | I41: 路睿 | J41: 张冰雪 | K41: 王菲 | L41: 路睿 | M41: 王雪莲 | N41: 王菲 | O41: 姜媛媛 | P41: 路睿
A42: 限时（数） | B42: 侯淑贤 | C42: 姚来朋 | D42: 姚来朋 | E42: 侯淑贤 | F42: 赵雪敏 | G42: 王露 | H42: 范林林 | I42: 高文凤 | J42: 赵雪敏 | K42: 孙娜 | L42: 范林林 | M42: 孙娜 | N42: 范林林 | O42: 王露 | P42: 高文凤
A43: 限时（外） | B43: 岳/厉 | C43: 岳/厉 | D43: 岳/厉 | E43: 岳/厉 | F43: 王灼 | G43: 翟淑玮 | H43: 韩丽梅 | I43: 宋平 | J43: 王灼 | K43: 胡存想 | L43: 王/宋/翟/胡 | M43: 韩/宋/翟/胡 | N43: 宋/韩/王 | O43: 翟/韩/王 | P43: 胡/韩/王
A44: 限时（物） | B44: 康波 | C44: 张雨晴 | D44: 张雨晴 | E44: 康波 | F44: 孙存义 | G44: 孙存义 | H44: 孙存义 | I44: 康波
A45: 限时（化） | B45: 马崇庆 | C45: 宋开元 | D45: 宋开元 | E45: 马崇庆 | F45: 李振铎 | G45: 李振铎 | H45: 马崇庆 | I45: 宋开元
A46: 限时（生） | B46: 周兴玲 | C46: 周兴玲 | D46: 周兴玲 | E46: 周兴玲 | F46: 刘腾 | G46: 蒋心言 | J46: 刘腾 | K46: 蒋心言
A47: 限时（历） | B47: 李雯 | C47: 田凤美 | D47: 李雯 | E47: 李雯 | J47: 田凤美 | K47: 董艳华 | L47: 田凤美 | M47: 董艳华 | N47: 夏文杰 | O47: 董艳华 | P47: 夏文杰
A48: 限时（政） | B48: 刘珊珊 | C48: 刘珊珊 | D48: 张雯皓 | E48: 刘珊珊 | L48: 张雯皓 | M48: 张鑫 | N48: 李浩然 | O48: 李浩然 | P48: 张鑫
A49: 限时（地） | B49: 李会玲 | C49: 李会玲 | D49: 李会玲 | E49: 李会玲 | H49: 孙锦锦 | I49: 孙秋杰 | J49: 王硕 | K49: 孙秋杰 | L49: 孙锦锦 | M49: 王硕 | N49: 王硕 | O49: 孙锦锦 | P49: 孙秋杰
A50: 阅读 | B50: 杨彬 | C50: 史振塞 | D50: 杨彬 | E50: 史振塞 | F50: 张冰雪 | G50: 姜媛媛 | H50: 王雪莲 | I50: 路睿 | J50: 张冰雪 | K50: 王菲 | L50: 路睿 | M50: 王雪莲 | N50: 王菲 | O50: 姜媛媛 | P50: 路睿
A51: 自习 （数）
A52: 自习 （外）
A53: 自习 （物）
A54: 自习 （化）
A55: 自习 （生）
A56: 自习 （历）
A57: 体育训练
A58: 美术集训
A59: 英语 | Q59: 岳海霞 | R59: 岳海霞 | W59: 宋平 | X59: 翟淑玮 | Y59: 胡存想
A60: 俄语 | S60: 厉彦龙 | T60: 厉彦龙 | U60: 王灼 | V60: 韩丽梅
A61: 听力（英） | Q61: 岳海霞 | R61: 岳海霞 | W61: 宋平 | X61: 翟淑玮 | Y61: 胡存想
A62: 听力（俄） | S62: 厉彦龙 | T62: 厉彦龙 | U62: 王灼 | V62: 韩丽梅
A63: 练字（英） | Q63: 岳海霞 | R63: 岳海霞 | W63: 宋平 | X63: 翟淑玮 | Y63: 胡存想
A64: 练字（俄） | S64: 厉彦龙 | T64: 厉彦龙 | U64: 王灼 | V64: 韩丽梅
A65: 限时（英） | Q65: 岳海霞 | R65: 岳海霞 | W65: 宋平 | X65: 翟淑玮 | Y65: 胡存想
A66: 限时（俄） | S66: 厉彦龙 | T66: 厉彦龙 | U66: 王灼 | V66: 韩丽梅
A67: 自习（英） | Q67: 岳海霞 | R67: 岳海霞 | W67: 宋平 | X67: 翟淑玮 | Y67: 胡存想
A68: 自习（俄） | S68: 厉彦龙 | T68: 厉彦龙 | U68: 王灼 | V68: 韩丽梅

Sheet 总课表
A1: 江河高级中学2026年春季学期总课表 星 期 一 | AA1: 江河高级中学2026年春季学期总课表 星 期 二 | AY1: 江河高级中学2026年春季学期总课表 星 期 三 | BW1: 江河高级中学2026年春季学期总课表 星 期 四 | CU1: 江河高级中学2026年春季学期总课表 星 期 五 | DS1: 江河高级中学2026年春季学期总课表 星 期 六 | EQ1: 江河高级中学2026年春季学期总课表 星 期 日 | FO1: 江河高级中学2026年春季学期总课表 星 期 一 | GM1: 江河高级中学2026年春季学期总课表 星 期 二 | HK1: 江河高级中学2026年春季学期总课表 星 期 三 | II1: 江河高级中学2026年春季学期高中总课表 星 期 四 | JG1: 江河高级中学2026年春季学期总课表 星 期 五
A2: 班级 序号 | C2: 1 | D2: 2 | E2: 3 | F2: 4 | G2: 5 | H2: 6 | I2: 7 | J2: 8 | K2: 9 | L2: 10 | M2: 11 | N2: 12 | O2: 13 | P2: 14 | Q2: 15 | R2: 16 | S2: 17 | T2: 18 | U2: 19 | V2: 20 | W2: 21 | X2: 22 | Y2: 23 | Z2: 24 | AA2: 1 | AB2: 2 | AC2: 3 | AD2: 4 | AE2: 5 | AF2: 6 | AG2: 7 | AH2: 8 | AI2: 9 | AJ2: 10 | AK2: 11 | AL2: 12 | AM2: 13 | AN2: 14 | AO2: 15 | AP2: 16 | AQ2: 17 | AR2: 18 | AS2: 19 | AT2: 20 | AU2: 21 | AV2: 22 | AW2: 23 | AX2: 24 | AY2: 1 | AZ2: 2 | BA2: 3 | BB2: 4 | BC2: 5 | BD2: 6 | BE2: 7 | BF2: 8 | BG2: 9 | BH2: 10 | BI2: 11 | BJ2: 12 | BK2: 13 | BL2: 14 | BM2: 15 | BN2: 16 | BO2: 17 | BP2: 18 | BQ2: 19 | BR2: 20 | BS2: 21 | BT2: 22 | BU2: 23 | BV2: 24 | BW2: 1 | BX2: 2 | BY2: 3 | BZ2: 4 | CA2: 5 | CB2: 6 | CC2: 7 | CD2: 8 | CE2: 9 | CF2: 10 | CG2: 11 | CH2: 12 | CI2: 13 | CJ2: 14 | CK2: 15 | CL2: 16 | CM2: 17 | CN2: 18 | CO2: 19 | CP2: 20 | CQ2: 21 | CR2: 22 | CS2: 23 | CT2: 24 | CU2: 1 | CV2: 2 | CW2: 3 | CX2: 4 | CY2: 5 | CZ2: 6 | DA2: 7 | DB2: 8 | DC2: 9 | DD2: 10 | DE2: 11 | DF2: 12 | DG2: 13 | DH2: 14 | DI2: 15 | DJ2: 16 | DK2: 17 | DL2: 18 | DM2: 19 | DN2: 20 | DO2: 21 | DP2: 22 | DQ2: 23 | DR2: 24 | DS2: 1 | DT2: 2 | DU2: 3 | DV2: 4 | DW2: 5 | DX2: 6 | DY2: 7 | DZ2: 8 | EA2: 9 | EB2: 10 | EC2: 11 | ED2: 12 | EE2: 13 | EF2: 14 | EG2: 15 | EH2: 16 | EI2: 17 | EJ2: 18 | EK2: 19 | EL2: 20 | EM2: 21 | EN2: 22 | EO2: 23 | EP2: 24 | EQ2: 1 | ER2: 2 | ES2: 3 | ET2: 4 | EU2: 5 | EV2: 6 | EW2: 7 | EX2: 8 | EY2: 9 | EZ2: 10 | FA2: 11 | FB2: 12 | FC2: 13 | FD2: 14 | FE2: 15 | FF2: 16 | FG2: 17 | FH2: 18 | FI2: 19 | FJ2: 20 | FK2: 21 | FL2: 22 | FM2: 23 | FN2: 24 | FO2: 1 | FP2: 2 | FQ2: 3 | FR2: 4 | FS2: 5 | FT2: 6 | FU2: 7 | FV2: 8 | FW2: 9 | FX2: 10 | FY2: 11 | FZ2: 12 | GA2: 13 | GB2: 14 | GC2: 15 | GD2: 16 | GE2: 17 | GF2: 18 | GG2: 19 | GH2: 20 | GI2: 21 | GJ2: 22 | GK2: 23 | GL2: 24 | GM2: 1 | GN2: 2 | GO2: 3 | GP2: 4 | GQ2: 5 | GR2: 6 | GS2: 7 | GT2: 8 | GU2: 9 | GV2: 10 | GW2: 11 | GX2: 12 | GY2: 13 | GZ2: 14 | HA2: 15 | HB2: 16 | HC2: 17 | HD2: 18 | HE2: 19 | HF2: 20 | HG2: 21 | HH2: 22 | HI2: 23 | HJ2: 24 | HK2: 1 | HL2: 2 | HM2: 3 | HN2: 4 | HO2: 5 | HP2: 6 | HQ2: 7 | HR2: 8 | HS2: 9 | HT2: 10 | HU2: 11 | HV2: 12 | HW2: 13 | HX2: 14 | HY2: 15 | HZ2: 16 | IA2: 17 | IB2: 18 | IC2: 19 | ID2: 20 | IE2: 21 | IF2: 22 | IG2: 23 | IH2: 24 | II2: 1 | IJ2: 2 | IK2: 3 | IL2: 4 | IM2: 5 | IN2: 6 | IO2: 7 | IP2: 8 | IQ2: 9 | IR2: 10 | IS2: 11 | IT2: 12 | IU2: 13 | IV2: 14 | IW2: 15 | IX2: 16 | IY2: 17 | IZ2: 18 | JA2: 19 | JB2: 20 | JC2: 21 | JD2: 22 | JE2: 23 | JF2: 24 | JG2: 1 | JH2: 2 | JI2: 3 | JJ2: 4 | JK2: 5 | JL2: 6 | JM2: 7 | JN2: 8 | JO2: 9 | JP2: 10 | JQ2: 11 | JR2: 12 | JS2: 13 | JT2: 14 | JU2: 15 | JV2: 16 | JW2: 17 | JX2: 18 | JY2: 19 | JZ2: 20 | KA2: 21 | KB2: 22 | KC2: 23 | KD2: 24
A3: 班级 | C3: 101 | D3: 102 | E3: 103 | F3: 104 | G3: 201 | H3: 202 | I3: 203 | J3: 204 | K3: 205 | L3: 206 | M3: 207 | N3: 208 | O3: 209 | P3: 210 | Q3: 211 | R3: 高一英语（1）班 | S3: 高一英语（2）班 | T3: 高一俄语（1）班 | U3: 高一俄语（2）班 | V3: 高二俄语（2）班 | W3: 高二俄语（1）班 | X3: 高二英语（1）班 | Y3: 高二英语（2）班 | Z3: 高二英语（3）班 | AA3: 101 | AB3: 102 | AC3: 103 | AD3: 104 | AE3: 201 | AF3: 202 | AG3: 203 | AH3: 204 | AI3: 205 | AJ3: 206 | AK3: 207 | AL3: 208 | AM3: 209 | AN3: 210 | AO3: 211 | AP3: 高一英语（1）班 | AQ3: 高一英语（2）班 | AR3: 高一俄语（1）班 | AS3: 高一俄语（2）班 | AT3: 高二俄语（2）班 | AU3: 高二俄语（1）班 | AV3: 高二英语（1）班 | AW3: 高二英语（2）班 | AX3: 高二英语（3）班 | AY3: 101 | AZ3: 102 | BA3: 103 | BB3: 104 | BC3: 201 | BD3: 202 | BE3: 203 | BF3: 204 | BG3: 205 | BH3: 206 | BI3: 207 | BJ3: 208 | BK3: 209 | BL3: 210 | BM3: 211 | BN3: 高一英语（1）班 | BO3: 高一英语（2）班 | BP3: 高一俄语（1）班 | BQ3: 高一俄语（2）班 | BR3: 高二俄语（2）班 | BS3: 高二俄语（1）班 | BT3: 高二英语（1）班 | BU3: 高二英语（2）班 | BV3: 高二英语（3）班 | BW3: 101 | BX3: 102 | BY3: 103 | BZ3: 104 | CA3: 201 | CB3: 202 | CC3: 203 | CD3: 204 | CE3: 205 | CF3: 206 | CG3: 207 | CH3: 208 | CI3: 209 | CJ3: 210 | CK3: 211 | CL3: 高一英语（1）班 | CM3: 高一英语（2）班 | CN3: 高一俄语（1）班 | CO3: 高一俄语（2）班 | CP3: 高二俄语（2）班 | CQ3: 高二俄语（1）班 | CR3: 高二英语（1）班 | CS3: 高二英语（2）班 | CT3: 高二英语（3）班 | CU3: 101 | CV3: 102 | CW3: 103 | CX3: 104 | CY3: 201 | CZ3: 202 | DA3: 203 | DB3: 204 | DC3: 205 | DD3: 206 | DE3: 207 | DF3: 208 | DG3: 209 | DH3: 210 | DI3: 211 | DJ3: 高一英语（1）班 | DK3: 高一英语（2）班 | DL3: 高一俄语（1）班 | DM3: 高一俄语（2）班 | DN3: 高二俄语（2）班 | DO3: 高二俄语（1）班 | DP3: 高二英语（1）班 | DQ3: 高二英语（2）班 | DR3: 高二英语（3）班 | DS3: 101 | DT3: 102 | DU3: 103 | DV3: 104 | DW3: 201 | DX3: 202 | DY3: 203 | DZ3: 204 | EA3: 205 | EB3: 206 | EC3: 207 | ED3: 208 | EE3: 209 | EF3: 210 | EG3: 211 | EH3: 高一英语（1）班 | EI3: 高一英语（2）班 | EJ3: 高一俄语（1）班 | EK3: 高一俄语（2）班 | EL3: 高二俄语（2）班 | EM3: 高二俄语（1）班 | EN3: 高二英语（1）班 | EO3: 高二英语（2）班 | EP3: 高二英语（3）班 | EQ3: 101 | ER3: 102 | ES3: 103 | ET3: 104 | EU3: 201 | EV3: 202 | EW3: 203 | EX3: 204 | EY3: 205 | EZ3: 206 | FA3: 207 | FB3: 208 | FC3: 209 | FD3: 210 | FE3: 211 | FF3: 高一英语（1）班 | FG3: 高一英语（2）班 | FH3: 高一俄语（1）班 | FI3: 高一俄语（2）班 | FJ3: 高二俄语（2）班 | FK3: 高二俄语（1）班 | FL3: 高二英语（1）班 | FM3: 高二英语（2）班 | FN3: 高二英语（3）班 | FO3: 101 | FP3: 102 | FQ3: 103 | FR3: 104 | FS3: 201 | FT3: 202 | FU3: 203 | FV3: 204 | FW3: 205 | FX3: 206 | FY3: 207 | FZ3: 208 | GA3: 209 | GB3: 210 | GC3: 211 | GD3: 高一英语（1）班 | GE3: 高一英语（2）班 | GF3: 高一俄语（1）班 | GG3: 高一俄语（2）班 | GH3: 高二俄语（2）班 | GI3: 高二俄语（1）班 | GJ3: 高二英语（1）班 | GK3: 高二英语（2）班 | GL3: 高二英语（3）班 | GM3: 101 | GN3: 102 | GO3: 103 | GP3: 104 | GQ3: 201 | GR3: 202 | GS3: 203 | GT3: 204 | GU3: 205 | GV3: 206 | GW3: 207 | GX3: 208 | GY3: 209 | GZ3: 210 | HA3: 211 | HB3: 高一英语（1）班 | HC3: 高一英语（2）班 | HD3: 高一俄语（1）班 | HE3: 高一俄语（2）班 | HF3: 高二俄语（2）班 | HG3: 高二俄语（1）班 | HH3: 高二英语（1）班 | HI3: 高二英语（2）班 | HJ3: 高二英语（3）班 | HK3: 101 | HL3: 102 | HM3: 103 | HN3: 104 | HO3: 201 | HP3: 202 | HQ3: 203 | HR3: 204 | HS3: 205 | HT3: 206 | HU3: 207 | HV3: 208 | HW3: 209 | HX3: 210 | HY3: 211 | HZ3: 高一英语（1）班 | IA3: 高一英语（2）班 | IB3: 高一俄语（1）班 | IC3: 高一俄语（2）班 | ID3: 高二俄语（2）班 | IE3: 高二俄语（1）班 | IF3: 高二英语（1）班 | IG3: 高二英语（2）班 | IH3: 高二英语（3）班 | II3: 101 | IJ3: 102 | IK3: 103 | IL3: 104 | IM3: 201 | IN3: 202 | IO3: 203 | IP3: 204 | IQ3: 205 | IR3: 206 | IS3: 207 | IT3: 208 | IU3: 209 | IV3: 210 | IW3: 211 | IX3: 高一英语（1）班 | IY3: 高一英语（2）班 | IZ3: 高一俄语（1）班 | JA3: 高一俄语（2）班 | JB3: 高二俄语（2）班 | JC3: 高二俄语（1）班 | JD3: 高二英语（1）班 | JE3: 高二英语（2）班 | JF3: 高二英语（3）班 | JG3: 101 | JH3: 102 | JI3: 103 | JJ3: 104 | JK3: 201 | JL3: 202 | JM3: 203 | JN3: 204 | JO3: 205 | JP3: 206 | JQ3: 207 | JR3: 208 | JS3: 209 | JT3: 210 | JU3: 211 | JV3: 高一英语（1）班 | JW3: 高一英语（2）班 | JX3: 高一俄语（1）班 | JY3: 高一俄语（2）班 | JZ3: 高二俄语（2）班 | KA3: 高二俄语（1）班 | KB3: 高二英语（1）班 | KC3: 高二英语（2）班 | KD3: 高二英语（3）班
A4: 早上 | B4: 晨读 | C4: 语 文 | D4: 语 文 | E4: 语 文 | F4: 语 文 | G4: 语 文 | H4: 语 文 | I4: 语 文 | J4: 语 文 | K4: 语 文 | L4: 语 文 | M4: 语 文 | N4: 语 文 | O4: 语 文 | P4: 语 文 | Q4: 语 文 | AA4: 生 物 | AB4: 生 物 | AC4: 生 物 | AD4: 生 物 | AE4: 外 语 | AF4: 外 语 | AG4: 外 语 | AH4: 外 语 | AI4: 外 语 | AJ4: 外 语 | AK4: 外 语 | AL4: 外 语 | AM4: 外 语 | AN4: 外 语 | AO4: 外 语 | AY4: 外 语 | AZ4: 外 语 | BA4: 外 语 | BB4: 外 语 | BC4: 生 物 | BD4: 生 物 | BE4: 地 理 | BF4: 地 理 | BG4: 生 物 | BH4: 生 物 | BI4: 政 治 | BJ4: 政 治 | BK4: 政 治 | BL4: 政 治 | BM4: 政 治 | BW4: 语 文 | BX4: 语 文 | BY4: 语 文 | BZ4: 语 文 | CA4: 外 语 | CB4: 外 语 | CC4: 外 语 | CD4: 外 语 | CE4: 历 史 | CF4: 历 史 | CG4: 历 史 | CH4: 历 史 | CI4: 历 史 | CJ4: 历 史 | CK4: 历 史 | CU4: 政 治 | CV4: 政 治 | CW4: 政 治 | CX4: 政 治 | CY4: 语 文 | CZ4: 语 文 | DA4: 语 文 | DB4: 语 文 | DC4: 地 理 | DD4: 地 理 | DE4: 地 理 | DF4: 地 理 | DG4: 地 理 | DH4: 地 理 | DI4: 地 理 | DS4: 外 语 | DT4: 外 语 | DU4: 外 语 | DV4: 外 语 | DW4: 生 物 | DX4: 生 物 | DY4: 地 理 | DZ4: 地 理 | EA4: 外 语 | EB4: 外 语 | EC4: 外 语 | ED4: 外 语 | EE4: 外 语 | EF4: 外 语 | EG4: 外 语 | EQ4: 语 文 | ER4: 语 文 | ES4: 语 文 | ET4: 语 文 | EU4: 语 文 | EV4: 语 文 | EW4: 语 文 | EX4: 语 文 | EY4: 语 文 | EZ4: 语 文 | FA4: 语 文 | FB4: 语 文 | FC4: 语 文 | FD4: 语 文 | FE4: 语 文 | FO4: 历 史 | FP4: 历 史 | FQ4: 历 史 | FR4: 历 史 | FS4: 外 语 | FT4: 外 语 | FU4: 外 语 | FV4: 外 语 | FW4: 生 物 | FX4: 生 物 | FY4: 政 治 | FZ4: 政 治 | GA4: 政 治 | GB4: 政 治 | GC4: 政 治 | GM4: 外 语 | GN4: 外 语 | GO4: 外 语 | GP4: 外 语 | GQ4: 生 物 | GR4: 生 物 | GS4: 地 理 | GT4: 地 理 | GU4: 历 史 | GV4: 历 史 | GW4: 历 史 | GX4: 历 史 | GY4: 历 史 | GZ4: 历 史 | HA4: 历 史 | HK4: 语 文 | HL4: 语 文 | HM4: 语 文 | HN4: 语 文 | HO4: 外 语 | HP4: 外 语 | HQ4: 外 语 | HR4: 外 语 | HS4: 地 理 | HT4: 地 理 | HU4: 地 理 | HV4: 地 理 | HW4: 地 理 | HX4: 地 理 | HY4: 地 理 | II4: 地 理 | IJ4: 地 理 | IK4: 地 理 | IL4: 地 理 | IM4: 语 文 | IN4: 语 文 | IO4: 语 文 | IP4: 语 文 | IQ4: 语 文 | IR4: 语 文 | IS4: 语 文 | IT4: 语 文 | IU4: 语 文 | IV4: 语 文 | IW4: 语 文 | JG4: 外 语 | JH4: 外 语 | JI4: 外 语 | JJ4: 外 语 | JK4: 生 物 | JL4: 生 物 | JM4: 地 理 | JN4: 地 理 | JO4: 外 语 | JP4: 外 语 | JQ4: 外 语 | JR4: 外 语 | JS4: 外 语 | JT4: 外 语 | JU4: 外 语
C5: =IFERROR(VLOOKUP(C4,教师安排!$A:$Y,C$2+1,FALSE),"") -> 0 | D5: =IFERROR(VLOOKUP(D4,教师安排!$A:$Y,D$2+1,FALSE),"") -> 0 | E5: =IFERROR(VLOOKUP(E4,教师安排!$A:$Y,E$2+1,FALSE),"") -> 0 | F5: =IFERROR(VLOOKUP(F4,教师安排!$A:$Y,F$2+1,FALSE),"") -> 0 | G5: =IFERROR(VLOOKUP(G4,教师安排!$A:$Y,G$2+1,FALSE),"") -> 0 | H5: =IFERROR(VLOOKUP(H4,教师安排!$A:$Y,H$2+1,FALSE),"") -> 0 | I5: =IFERROR(VLOOKUP(I4,教师安排!$A:$Y,I$2+1,FALSE),"") -> 0 | J5: =IFERROR(VLOOKUP(J4,教师安排!$A:$Y,J$2+1,FALSE),"") -> 0 | ... U5: =IFERROR(VLOOKUP(U4,教师安排!$A:$Y,U$2+1,FALSE),"") | W5: =IFERROR(VLOOKUP(W4,教师安排!$A:$Y,W$2+1,FALSE),"") | X5: =IFERROR(VLOOKUP(X4,教师安排!$A:$Y,X$2+1,FALSE),"") | Y5: =IFERROR(VLOOKUP(Y4,教师安排!$A:$Y,Y$2+1,FALSE),"") | Z5: =IFERROR(VLOOKUP(Z4,教师安排!$A:$Y,Z$2+1,FALSE),"") | AA5: =IFERROR(VLOOKUP(AA4,教师安排!$A:$Y,AA$2+1,FALSE),"") -> 0 | AB5: =IFERROR(VLOOKUP(AB4,教师安排!$A:$Y,AB$2+1,FALSE),"") -> 0 | AC5: =IFERROR(VLOOKUP(AC4,教师安排!$A:$Y,AC$2+1,FALSE),"") -> 0 | AD5: =IFERROR(VLOOKUP(AD4,教师安排!$A:$Y,AD$2+1,FALSE),"") -> 0 | ... AS5: =IFERROR(VLOOKUP(AS4,教师安排!$A:$Y,AS$2+1,FALSE),"") | AY5: =IFERROR(VLOOKUP(AY4,教师安排!$A:$Y,AY$2+1,FALSE),"") -> 0 | AZ5: =IFERROR(VLOOKUP(AZ4,教师安排!$A:$Y,AZ$2+1,FALSE),"") -> 0 | BA5: =IFERROR(VLOOKUP(BA4,教师安排!$A:$Y,BA$2+1,FALSE),"") -> 0 | BB5: =IFERROR(VLOOKUP(BB4,教师安排!$A:$Y,BB$2+1,FALSE),"") -> 0 | BC5: =IFERROR(VLOOKUP(BC4,教师安排!$A:$Y,BC$2+1,FALSE),"") -> 0 | BD5: =IFERROR(VLOOKUP(BD4,教师安排!$A:$Y,BD$2+1,FALSE),"") -> 0 | BE5: =IFERROR(VLOOKUP(BE4,教师安排!$A:$Y,BE$2+1,FALSE),"") -> 0 | BF5: =IFERROR(VLOOKUP(BF4,教师安排!$A:$Y,BF$2+1,FALSE),"") -> 0 | ... BQ5: =IFERROR(VLOOKUP(BQ4,教师安排!$A:$Y,BQ$2+1,FALSE),"") | BS5: =IFERROR(VLOOKUP(BS4,教师安排!$A:$Y,BS$2+1,FALSE),"") | BT5: =IFERROR(VLOOKUP(BT4,教师安排!$A:$Y,BT$2+1,FALSE),"") | BU5: =IFERROR(VLOOKUP(BU4,教师安排!$A:$Y,BU$2+1,FALSE),"") | BV5: =IFERROR(VLOOKUP(BV4,教师安排!$A:$Y,BV$2+1,FALSE),"") | BW5: =IFERROR(VLOOKUP(BW4,教师安排!$A:$Y,BW$2+1,FALSE),"") -> 0 | BX5: =IFERROR(VLOOKUP(BX4,教师安排!$A:$Y,BX$2+1,FALSE),"") -> 0 | BY5: =IFERROR(VLOOKUP(BY4,教师安排!$A:$Y,BY$2+1,FALSE),"") -> 0 | BZ5: =IFERROR(VLOOKUP(BZ4,教师安排!$A:$Y,BZ$2+1,FALSE),"") -> 0 | ... CP5: =IFERROR(VLOOKUP(CP4,教师安排!$A:$Y,CP$2+1,FALSE),"") | CR5: =IFERROR(VLOOKUP(CR4,教师安排!$A:$Y,CR$2+1,FALSE),"") | CS5: =IFERROR(VLOOKUP(CS4,教师安排!$A:$Y,CS$2+1,FALSE),"") | CT5: =IFERROR(VLOOKUP(CT4,教师安排!$A:$Y,CT$2+1,FALSE),"") | CU5: =IFERROR(VLOOKUP(CU4,教师安排!$A:$Y,CU$2+1,FALSE),"") -> 0 | CV5: =IFERROR(VLOOKUP(CV4,教师安排!$A:$Y,CV$2+1,FALSE),"") -> 0 | CW5: =IFERROR(VLOOKUP(CW4,教师安排!$A:$Y,CW$2+1,FALSE),"") -> 0 | CX5: =IFERROR(VLOOKUP(CX4,教师安排!$A:$Y,CX$2+1,FALSE),"") -> 0 | CY5: =IFERROR(VLOOKUP(CY4,教师安排!$A:$Y,CY$2+1,FALSE),"") -> 0 | ... DM5: =IFERROR(VLOOKUP(DM4,教师安排!$A:$Y,DM$2+1,FALSE),"") | DO5: =IFERROR(VLOOKUP(DO4,教师安排!$A:$Y,DO$2+1,FALSE),"") | DP5: =IFERROR(VLOOKUP(DP4,教师安排!$A:$Y,DP$2+1,FALSE),"") | DQ5: =IFERROR(VLOOKUP(DQ4,教师安排!$A:$Y,DQ$2+1,FALSE),"") | DR5: =IFERROR(VLOOKUP(DR4,教师安排!$A:$Y,DR$2+1,FALSE),"") | DS5: =IFERROR(VLOOKUP(DS4,教师安排!$A:$Y,DS$2+1,FALSE),"") -> 0 | DT5: =IFERROR(VLOOKUP(DT4,教师安排!$A:$Y,DT$2+1,FALSE),"") -> 0 | DU5: =IFERROR(VLOOKUP(DU4,教师安排!$A:$Y,DU$2+1,FALSE),"") -> 0 | DV5: =IFERROR(VLOOKUP(DV4,教师安排!$A:$Y,DV$2+1,FALSE),"") -> 0 | ... EK5: =IFERROR(VLOOKUP(EK4,教师安排!$A:$Y,EK$2+1,FALSE),"") | EM5: =IFERROR(VLOOKUP(EM4,教师安排!$A:$Y,EM$2+1,FALSE),"") | EN5: =IFERROR(VLOOKUP(EN4,教师安排!$A:$Y,EN$2+1,FALSE),"") | EO5: =IFERROR(VLOOKUP(EO4,教师安排!$A:$Y,EO$2+1,FALSE),"") | EP5: =IFERROR(VLOOKUP(EP4,教师安排!$A:$Y,EP$2+1,FALSE),"") | EQ5: =IFERROR(VLOOKUP(EQ4,教师安排!$A:$Y,EQ$2+1,FALSE),"") -> 0 | ER5: =IFERROR(VLOOKUP(ER4,教师安排!$A:$Y,ER$2+1,FALSE),"") -> 0 | ES5: =IFERROR(VLOOKUP(ES4,教师安排!$A:$Y,ES$2+1,FALSE),"") -> 0 | ET5: =IFERROR(VLOOKUP(ET4,教师安排!$A:$Y,ET$2+1,FALSE),"") -> 0 | ... FI5: =IFERROR(VLOOKUP(FI4,教师安排!$A:$Y,FI$2+1,FALSE),"") | FK5: =IFERROR(VLOOKUP(FK4,教师安排!$A:$Y,FK$2+1,FALSE),"") | FL5: =IFERROR(VLOOKUP(FL4,教师安排!$A:$Y,FL$2+1,FALSE),"") | FM5: =IFERROR(VLOOKUP(FM4,教师安排!$A:$Y,FM$2+1,FALSE),"") | FN5: =IFERROR(VLOOKUP(FN4,教师安排!$A:$Y,FN$2+1,FALSE),"") | FO5: =IFERROR(VLOOKUP(FO4,教师安排!$A:$Y,FO$2+1,FALSE),"") -> 0 | FP5: =IFERROR(VLOOKUP(FP4,教师安排!$A:$Y,FP$2+1,FALSE),"") -> 0 | FQ5: =IFERROR(VLOOKUP(FQ4,教师安排!$A:$Y,FQ$2+1,FALSE),"") -> 0 | FR5: =IFERROR(VLOOKUP(FR4,教师安排!$A:$Y,FR$2+1,FALSE),"") -> 0 | ... GG5: =IFERROR(VLOOKUP(GG4,教师安排!$A:$Y,GG$2+1,FALSE),"") | GI5: =IFERROR(VLOOKUP(GI4,教师安排!$A:$Y,GI$2+1,FALSE),"") | GJ5: =IFERROR(VLOOKUP(GJ4,教师安排!$A:$Y,GJ$2+1,FALSE),"") | GK5: =IFERROR(VLOOKUP(GK4,教师安排!$A:$Y,GK$2+1,FALSE),"") | GL5: =IFERROR(VLOOKUP(GL4,教师安排!$A:$Y,GL$2+1,FALSE),"") | GM5: =IFERROR(VLOOKUP(GM4,教师安排!$A:$Y,GM$2+1,FALSE),"") -> 0 | GN5: =IFERROR(VLOOKUP(GN4,教师安排!$A:$Y,GN$2+1,FALSE),"") -> 0 | GO5: =IFERROR(VLOOKUP(GO4,教师安排!$A:$Y,GO$2+1,FALSE),"") -> 0 | GP5: =IFERROR(VLOOKUP(GP4,教师安排!$A:$Y,GP$2+1,FALSE),"") -> 0 | ... HE5: =IFERROR(VLOOKUP(HE4,教师安排!$A:$Y,HE$2+1,FALSE),"") | HG5: =IFERROR(VLOOKUP(HG4,教师安排!$A:$Y,HG$2+1,FALSE),"") | HH5: =IFERROR(VLOOKUP(HH4,教师安排!$A:$Y,HH$2+1,FALSE),"") | HI5: =IFERROR(VLOOKUP(HI4,教师安排!$A:$Y,HI$2+1,FALSE),"") | HJ5: =IFERROR(VLOOKUP(HJ4,教师安排!$A:$Y,HJ$2+1,FALSE),"") | HK5: =IFERROR(VLOOKUP(HK4,教师安排!$A:$Y,HK$2+1,FALSE),"") -> 0 | HL5: =IFERROR(VLOOKUP(HL4,教师安排!$A:$Y,HL$2+1,FALSE),"") -> 0 | HM5: =IFERROR(VLOOKUP(HM4,教师安排!$A:$Y,HM$2+1,FALSE),"") -> 0 | HN5: =IFERROR(VLOOKUP(HN4,教师安排!$A:$Y,HN$2+1,FALSE),"") -> 0 | ... IC5: =IFERROR(VLOOKUP(IC4,教师安排!$A:$Y,IC$2+1,FALSE),"") | IE5: =IFERROR(VLOOKUP(IE4,教师安排!$A:$Y,IE$2+1,FALSE),"") | IF5: =IFERROR(VLOOKUP(IF4,教师安排!$A:$Y,IF$2+1,FALSE),"") | IG5: =IFERROR(VLOOKUP(IG4,教师安排!$A:$Y,IG$2+1,FALSE),"") | IH5: =IFERROR(VLOOKUP(IH4,教师安排!$A:$Y,IH$2+1,FALSE),"") | II5: =IFERROR(VLOOKUP(II4,教师安排!$A:$Y,II$2+1,FALSE),"") -> 0 | IJ5: =IFERROR(VLOOKUP(IJ4,教师安排!$A:$Y,IJ$2+1,FALSE),"") -> 0 | IK5: =IFERROR(VLOOKUP(IK4,教师安排!$A:$Y,IK$2+1,FALSE),"") -> 0 | IL5: =IFERROR(VLOOKUP(IL4,教师安排!$A:$Y,IL$2+1,FALSE),"") -> 0 | ... JA5: =IFERROR(VLOOKUP(JA4,教师安排!$A:$Y,JA$2+1,FALSE),"") | JC5: =IFERROR(VLOOKUP(JC4,教师安排!$A:$Y,JC$2+1,FALSE),"") | JD5: =IFERROR(VLOOKUP(JD4,教师安排!$A:$Y,JD$2+1,FALSE),"") | JE5: =IFERROR(VLOOKUP(JE4,教师安排!$A:$Y,JE$2+1,FALSE),"") | JF5: =IFERROR(VLOOKUP(JF4,教师安排!$A:$Y,JF$2+1,FALSE),"") | JG5: =IFERROR(VLOOKUP(JG4,教师安排!$A:$Y,JG$2+1,FALSE),"") -> 0 | JH5: =IFERROR(VLOOKUP(JH4,教师安排!$A:$Y,JH$2+1,FALSE),"") -> 0 | JI5: =IFERROR(VLOOKUP(JI4,教师安排!$A:$Y,JI$2+1,FALSE),"") -> 0 | JJ5: =IFERROR(VLOOKUP(JJ4,教师安排!$A:$Y,JJ$2+1,FALSE),"") -> 0 | ... JY5: =IFERROR(VLOOKUP(JY4,教师安排!$A:$Y,JY$2+1,FALSE),"") | KA5: =IFERROR(VLOOKUP(KA4,教师安排!$A:$Y,KA$2+1,FALSE),"") | KB5: =IFERROR(VLOOKUP(KB4,教师安排!$A:$Y,KB$2+1,FALSE),"") | KC5: =IFERROR(VLOOKUP(KC4,教师安排!$A:$Y,KC$2+1,FALSE),"") | KD5: =IFERROR(VLOOKUP(KD4,教师安排!$A:$Y,KD$2+1,FALSE),"")
B6: 早读 | C6: 语文 | D6: 外语 | E6: 外语 | F6: 语文 | G6: 语文 | H6: 生物 | I6: 外语 | J6: 地理 | K6: 外语 | L6: 外语 | M6: 政治 | N6: 政治 | O6: 政治 | P6: 语文 | Q6: 语文 | S6: 英语 | U6: 俄语 | AA6: 外语 | AB6: 语文 | AC6: 政治 | AD6: 外语 | AE6: 生物 | AF6: 生物 | AG6: 地理 | AH6: 语文 | AI6: 历史 | AJ6: 历史 | AK6: 外语 | AL6: 外语 | AM6: 外语 | AN6: 外语 | AO6: 外语 | AP6: 英语 | AR6: 俄语 | AT6: 俄语 | AU6: 俄语 | AV6: 英语 | AW6: 英语 | AX6: 英语 | AY6: 生物 | AZ6: 语文 | BA6: 政治 | BB6: 政治 | BC6: 外语 | BD6: 外语 | BE6: 地理 | BF6: 外语 | BG6: 历史 | BH6: 语文 | BI6: 语文 | BJ6: 语文 | BK6: 政治 | BL6: 语文 | BM6: 政治 | BW6: 生物 | BX6: 政治 | BY6: 语文 | BZ6: 语文 | CA6: 生物 | CB6: 语文 | CC6: 语文 | CD6: 地理 | CE6: 语文 | CF6: 外语 | CG6: 政治 | CH6: 政治 | CI6: 语文 | CJ6: 政治 | CK6: 语文 | CU6: 外语 | CV6: 政治 | CW6: 语文 | CX6: 外语 | CY6: 语文 | CZ6: 外语 | DA6: 外语 | DB6: 语文 | DC6: 历史 | DD6: 外语 | DE6: 语文 | DF6: 语文 | DG6: 语文 | DH6: 政治 | DI6: 政治 | DJ6: 英语 | DL6: 俄语 | DS6: 生物 | DT6: 语文 | DU6: 政治 | DV6: 政治 | DW6: 外语 | DX6: 语文 | DY6: 语文 | DZ6: 外语 | EA6: 语文 | EB6: 语文 | EC6: 外语 | ED6: 外语 | EE6: 外语 | EF6: 外语 | EG6: 外语 | EL6: 俄语 | EM6: 俄语 | EN6: 英语 | EO6: 英语 | EP6: 英语 | EQ6: 语文 | ER6: 外语 | ES6: 外语 | ET6: 语文 | EU6: 生物 | EV6: 生物 | EW6: 地理 | EX6: 地理 | EY6: 外语 | EZ6: 历史 | FA6: 政治 | FB6: 政治 | FC6: 语文 | FD6: 政治 | FE6: 语文 | FG6: 英语 | FI6: 俄语 | FO6: 外语 | FP6: 政治 | FQ6: 语文 | FR6: 外语 | FS6: 语文 | FT6: 语文 | FU6: 语文 | FV6: 语文 | FW6: 外语 | FX6: 语文 | FY6: 外语 | FZ6: 外语 | GA6: 外语 | GB6: 外语 | GC6: 外语 | GD6: 英语 | GF6: 俄语 | GH6: 俄语 | GI6: 俄语 | GJ6: 英语 | GK6: 英语 | GL6: 英语 | GM6: 语文 | GN6: 外语 | GO6: 外语 | GP6: 政治 | GQ6: 外语 | GR6: 外语 | GS6: 外语 | GT6: 外语 | GU6: 语文 | GV6: 历史 | GW6: 语文 | GX6: 语文 | GY6: 政治 | GZ6: 语文 | HA6: 政治 | HC6: 英语 | HE6: 俄语 | HK6: 生物 | HL6: 政治 | HM6: 语文 | HN6: 语文 | HO6: 语文 | HP6: 语文 | HQ6: 外语 | HR6: 地理 | HS6: 外语 | HT6: 外语 | HU6: 政治 | HV6: 政治 | HW6: 语文 | HX6: 政治 | HY6: 语文 | II6: 语文 | IJ6: 外语 | IK6: 外语 | IL6: 政治 | IM6: 生物 | IN6: 生物 | IO6: 语文 | IP6: 语文 | IQ6: 历史 | IR6: 语文 | IS6: 外语 | IT6: 外语 | IU6: 外语 | IV6: 外语 | IW6: 外语 | IY6: 英语 | JA6: 俄语 | JB6: 俄语 | JC6: 俄语 | JD6: 英语 | JE6: 英语 | JF6: 英语 | JG6: 外语 | JH6: 语文 | JI6: 政治 | JJ6: 外语 | JK6: 外语 | JL6: 外语 | JM6: 地理 | JN6: 外语 | JO6: 语文 | JP6: 历史 | JQ6: 语文 | JR6: 语文 | JS6: 政治 | JT6: 语文 | JU6: 政治 | JV6: 英语 | JX6: 俄语
C7: =IFERROR(VLOOKUP(C6,教师安排!$A:$Y,C$2+1,FALSE),"") -> 杨彬 | D7: =IFERROR(VLOOKUP(D6,教师安排!$A:$Y,D$2+1,FALSE),"") -> 岳/厉 | E7: =IFERROR(VLOOKUP(E6,教师安排!$A:$Y,E$2+1,FALSE),"") -> 岳/厉 | F7: =IFERROR(VLOOKUP(F6,教师安排!$A:$Y,F$2+1,FALSE),"") -> 史振塞 | G7: =IFERROR(VLOOKUP(G6,教师安排!$A:$Y,G$2+1,FALSE),"") -> 张冰雪 | H7: =IFERROR(VLOOKUP(H6,教师安排!$A:$Y,H$2+1,FALSE),"") -> 蒋心言 | I7: =IFERROR(VLOOKUP(I6,教师安排!$A:$Y,I$2+1,FALSE),"") -> 韩丽梅 | J7: =IFERROR(VLOOKUP(J6,教师安排!$A:$Y,J$2+1,FALSE),"") -> 孙秋杰 | ... U7: =IFERROR(VLOOKUP(U6,教师安排!$A:$Y,U$2+1,FALSE),"") -> 厉彦龙 | W7: =IFERROR(VLOOKUP(W6,教师安排!$A:$Y,W$2+1,FALSE),"") | X7: =IFERROR(VLOOKUP(X6,教师安排!$A:$Y,X$2+1,FALSE),"") | Y7: =IFERROR(VLOOKUP(Y6,教师安排!$A:$Y,Y$2+1,FALSE),"") | Z7: =IFERROR(VLOOKUP(Z6,教师安排!$A:$Y,Z$2+1,FALSE),"") | AA7: =IFERROR(VLOOKUP(AA6,教师安排!$A:$Y,AA$2+1,FALSE),"") -> 岳/厉 | AB7: =IFERROR(VLOOKUP(AB6,教师安排!$A:$Y,AB$2+1,FALSE),"") -> 史振塞 | AC7: =IFERROR(VLOOKUP(AC6,教师安排!$A:$Y,AC$2+1,FALSE),"") -> 张雯皓 | AD7: =IFERROR(VLOOKUP(AD6,教师安排!$A:$Y,AD$2+1,FALSE),"") -> 岳/厉 | ... BQ7: =IFERROR(VLOOKUP(BQ6,教师安排!$A:$Y,BQ$2+1,FALSE),"") | BS7: =IFERROR(VLOOKUP(BS6,教师安排!$A:$Y,BS$2+1,FALSE),"") | BT7: =IFERROR(VLOOKUP(BT6,教师安排!$A:$Y,BT$2+1,FALSE),"") | BU7: =IFERROR(VLOOKUP(BU6,教师安排!$A:$Y,BU$2+1,FALSE),"") | BV7: =IFERROR(VLOOKUP(BV6,教师安排!$A:$Y,BV$2+1,FALSE),"") | BW7: =IFERROR(VLOOKUP(BW6,教师安排!$A:$Y,BW$2+1,FALSE),"") -> 周兴玲 | BX7: =IFERROR(VLOOKUP(BX6,教师安排!$A:$Y,BX$2+1,FALSE),"") -> 刘珊珊 | BY7: =IFERROR(VLOOKUP(BY6,教师安排!$A:$Y,BY$2+1,FALSE),"") -> 杨彬 | BZ7: =IFERROR(VLOOKUP(BZ6,教师安排!$A:$Y,BZ$2+1,FALSE),"") -> 史振塞 | ... CN7: =IFERROR(VLOOKUP(CN6,教师安排!$A:$Y,CN$2+1,FALSE),"") | CU7: =IFERROR(VLOOKUP(CU6,教师安排!$A:$Y,CU$2+1,FALSE),"") -> 岳/厉 | CV7: =IFERROR(VLOOKUP(CV6,教师安排!$A:$Y,CV$2+1,FALSE),"") -> 刘珊珊 | CW7: =IFERROR(VLOOKUP(CW6,教师安排!$A:$Y,CW$2+1,FALSE),"") -> 杨彬 | CX7: =IFERROR(VLOOKUP(CX6,教师安排!$A:$Y,CX$2+1,FALSE),"") -> 岳/厉 | CY7: =IFERROR(VLOOKUP(CY6,教师安排!$A:$Y,CY$2+1,FALSE),"") -> 张冰雪 | CZ7: =IFERROR(VLOOKUP(CZ6,教师安排!$A:$Y,CZ$2+1,FALSE),"") -> 翟淑玮 | DA7: =IFERROR(VLOOKUP(DA6,教师安排!$A:$Y,DA$2+1,FALSE),"") -> 韩丽梅 | DB7: 康波 | DC7: =IFERROR(VLOOKUP(DC6,教师安排!$A:$Y,DC$2+1,FALSE),"") -> 田凤美 | DD7: =IFERROR(VLOOKUP(DD6,教师安排!$A:$Y,DD$2+1,FALSE),"") -> 胡存想 | DE7: =IFERROR(VLOOKUP(DE6,教师安排!$A:$Y,DE$2+1,FALSE),"") -> 路睿 | DF7: =IFERROR(VLOOKUP(DF6,教师安排!$A:$Y,DF$2+1,FALSE),"") -> 王雪莲 | DG7: =IFERROR(VLOOKUP(DG6,教师安排!$A:$Y,DG$2+1,FALSE),"") -> 王菲 | DH7: =IFERROR(VLOOKUP(DH6,教师安排!$A:$Y,DH$2+1,FALSE),"") -> 李浩然 | DI7: =IFERROR(VLOOKUP(DI6,教师安排!$A:$Y,DI$2+1,FALSE),"") -> 张鑫 | DJ7: =IFERROR(VLOOKUP(DJ6,教师安排!$A:$Y,DJ$2+1,FALSE),"") -> 岳海霞 | ... DM7: =IFERROR(VLOOKUP(DM6,教师安排!$A:$Y,DM$2+1,FALSE),"") | DO7: =IFERROR(VLOOKUP(DO6,教师安排!$A:$Y,DO$2+1,FALSE),"") | DP7: =IFERROR(VLOOKUP(DP6,教师安排!$A:$Y,DP$2+1,FALSE),"") | DQ7: =IFERROR(VLOOKUP(DQ6,教师安排!$A:$Y,DQ$2+1,FALSE),"") | DR7: =IFERROR(VLOOKUP(DR6,教师安排!$A:$Y,DR$2+1,FALSE),"") | DS7: =IFERROR(VLOOKUP(DS6,教师安排!$A:$Y,DS$2+1,FALSE),"") -> 周兴玲 | DT7: =IFERROR(VLOOKUP(DT6,教师安排!$A:$Y,DT$2+1,FALSE),"") -> 史振塞 | DU7: =IFERROR(VLOOKUP(DU6,教师安排!$A:$Y,DU$2+1,FALSE),"") -> 张雯皓 | DV7: =IFERROR(VLOOKUP(DV6,教师安排!$A:$Y,DV$2+1,FALSE),"") -> 刘珊珊 | DW7: 李振铎 | DX7: =IFERROR(VLOOKUP(DX6,教师安排!$A:$Y,DX$2+1,FALSE),"") -> 姜媛媛 | DY7: =IFERROR(VLOOKUP(DY6,教师安排!$A:$Y,DY$2+1,FALSE),"") -> 王雪莲 | DZ7: 高文凤 | EA7: =IFERROR(VLOOKUP(EA6,教师安排!$A:$Y,EA$2+1,FALSE),"") -> 张冰雪 | EB7: 孙娜 | EC7: =IFERROR(VLOOKUP(EC6,教师安排!$A:$Y,EC$2+1,FALSE),"") -> 王/宋/翟/胡 | ED7: =IFERROR(VLOOKUP(ED6,教师安排!$A:$Y,ED$2+1,FALSE),"") -> 韩/宋/翟/胡 | EE7: =IFERROR(VLOOKUP(EE6,教师安排!$A:$Y,EE$2+1,FALSE),"") -> 宋/韩/王 | EF7: =IFERROR(VLOOKUP(EF6,教师安排!$A:$Y,EF$2+1,FALSE),"") -> 翟/韩/王 | EG7: =IFERROR(VLOOKUP(EG6,教师安排!$A:$Y,EG$2+1,FALSE),"") -> 胡/韩/王 | EH7: =IFERROR(VLOOKUP(EH6,教师安排!$A:$Y,EH$2+1,FALSE),"") | EI7: =IFERROR(VLOOKUP(EI6,教师安排!$A:$Y,EI$2+1,FALSE),"") | EJ7: =IFERROR(VLOOKUP(EJ6,教师安排!$A:$Y,EJ$2+1,FALSE),"") | ... FI7: =IFERROR(VLOOKUP(FI6,教师安排!$A:$Y,FI$2+1,FALSE),"") -> 厉彦龙 | FK7: =IFERROR(VLOOKUP(FK6,教师安排!$A:$Y,FK$2+1,FALSE),"") | FL7: =IFERROR(VLOOKUP(FL6,教师安排!$A:$Y,FL$2+1,FALSE),"") | FM7: =IFERROR(VLOOKUP(FM6,教师安排!$A:$Y,FM$2+1,FALSE),"") | FN7: =IFERROR(VLOOKUP(FN6,教师安排!$A:$Y,FN$2+1,FALSE),"") | FO7: =IFERROR(VLOOKUP(FO6,教师安排!$A:$Y,FO$2+1,FALSE),"") -> 岳/厉 | FP7: =IFERROR(VLOOKUP(FP6,教师安排!$A:$Y,FP$2+1,FALSE),"") -> 刘珊珊 | FQ7: =IFERROR(VLOOKUP(FQ6,教师安排!$A:$Y,FQ$2+1,FALSE),"") -> 杨彬 | FR7: =IFERROR(VLOOKUP(FR6,教师安排!$A:$Y,FR$2+1,FALSE),"") -> 岳/厉 | ... FV7: =IFERROR(VLOOKUP(FV6,教师安排!$A:$Y,FV$2+1,FALSE),"") -> 路睿 | FW7: 孙娜 | FX7: =IFERROR(VLOOKUP(FX6,教师安排!$A:$Y,FX$2+1,FALSE),"") -> 王菲 | FY7: =IFERROR(VLOOKUP(FY6,教师安排!$A:$Y,FY$2+1,FALSE),"") -> 王/宋/翟/胡 | FZ7: =IFERROR(VLOOKUP(FZ6,教师安排!$A:$Y,FZ$2+1,FALSE),"") -> 韩/宋/翟/胡 | GA7: =IFERROR(VLOOKUP(GA6,教师安排!$A:$Y,GA$2+1,FALSE),"") -> 宋/韩/王 | GB7: =IFERROR(VLOOKUP(GB6,教师安排!$A:$Y,GB$2+1,FALSE),"") -> 翟/韩/王 | GC7: =IFERROR(VLOOKUP(GC6,教师安排!$A:$Y,GC$2+1,FALSE),"") -> 胡/韩/王 | GD7: =IFERROR(VLOOKUP(GD6,教师安排!$A:$Y,GD$2+1,FALSE),"") -> 岳海霞 | GE7: =IFERROR(VLOOKUP(GE6,教师安排!$A:$Y,GE$2+1,FALSE),"") | ... HE7: =IFERROR(VLOOKUP(HE6,教师安排!$A:$Y,HE$2+1,FALSE),"") -> 厉彦龙 | HG7: =IFERROR(VLOOKUP(HG6,教师安排!$A:$Y,HG$2+1,FALSE),"") | HH7: =IFERROR(VLOOKUP(HH6,教师安排!$A:$Y,HH$2+1,FALSE),"") | HI7: =IFERROR(VLOOKUP(HI6,教师安排!$A:$Y,HI$2+1,FALSE),"") | HJ7: =IFERROR(VLOOKUP(HJ6,教师安排!$A:$Y,HJ$2+1,FALSE),"") | HK7: =IFERROR(VLOOKUP(HK6,教师安排!$A:$Y,HK$2+1,FALSE),"") -> 周兴玲 | HL7: =IFERROR(VLOOKUP(HL6,教师安排!$A:$Y,HL$2+1,FALSE),"") -> 刘珊珊 | HM7: =IFERROR(VLOOKUP(HM6,教师安排!$A:$Y,HM$2+1,FALSE),"") -> 杨彬 | HN7: =IFERROR(VLOOKUP(HN6,教师安排!$A:$Y,HN$2+1,FALSE),"") -> 史振塞 | ... IC7: =IFERROR(VLOOKUP(IC6,教师安排!$A:$Y,IC$2+1,FALSE),"") | IE7: =IFERROR(VLOOKUP(IE6,教师安排!$A:$Y,IE$2+1,FALSE),"") | IF7: =IFERROR(VLOOKUP(IF6,教师安排!$A:$Y,IF$2+1,FALSE),"") | IG7: =IFERROR(VLOOKUP(IG6,教师安排!$A:$Y,IG$2+1,FALSE),"") | IH7: =IFERROR(VLOOKUP(IH6,教师安排!$A:$Y,IH$2+1,FALSE),"") | II7: =IFERROR(VLOOKUP(II6,教师安排!$A:$Y,II$2+1,FALSE),"") -> 杨彬 | IJ7: =IFERROR(VLOOKUP(IJ6,教师安排!$A:$Y,IJ$2+1,FALSE),"") -> 岳/厉 | IK7: =IFERROR(VLOOKUP(IK6,教师安排!$A:$Y,IK$2+1,FALSE),"") -> 岳/厉 | IL7: =IFERROR(VLOOKUP(IL6,教师安排!$A:$Y,IL$2+1,FALSE),"") -> 刘珊珊 | ... JY7: =IFERROR(VLOOKUP(JY6,教师安排!$A:$Y,JY$2+1,FALSE),"") | KA7: =IFERROR(VLOOKUP(KA6,教师安排!$A:$Y,KA$2+1,FALSE),"") | KB7: =IFERROR(VLOOKUP(KB6,教师安排!$A:$Y,KB$2+1,FALSE),"") | KC7: =IFERROR(VLOOKUP(KC6,教师安排!$A:$Y,KC$2+1,FALSE),"") | KD7: =IFERROR(VLOOKUP(KD6,教师安排!$A:$Y,KD$2+1,FALSE),"")
A8: 上 午 | B8: 1 | C8: 体育 | D8: 政治 | E8: 历史 | F8: 生物 | G8: 化学 | H8: 体育 | I8: 外语 | J8: 外语 | K8: 生物 | L8: 通用 | M8: 历史 | N8: 数学 | O8: 地理 | P8: 历史 | Q8: 政治 | AA8: 化学 | AB8: 语文 | AC8: 体育 | AD8: 音乐 | AE8: 体育 | AF8: 物理 | AG8: 地理 | AH8: 语文 | AI8: 历史 | AJ8: 通用 | AK8: 外语 | AL8: 外语 | AM8: 外语 | AN8: 外语 | AO8: 外语 | AT8: 俄语 | AU8: 俄语 | AV8: 英语 | AW8: 英语 | AX8: 英语 | AY8: 美术 | AZ8: 历史 | BA8: 数学 | BB8: 数学 | BC8: 生物 | BD8: 化学 | BE8: 物理 | BF8: 地理 | BG8: 地理 | BH8: 语文 | BI8: 信息 | BJ8: 政治 | BK8: 数学 | BL8: 体育 | BM8: 语文 | BW8: 政治 | BX8: 语文 | BY8: 政治 | BZ8: 数学 | CA8: 数学 | CB8: 化学 | CC8: 语文 | CD8: 数学 | CE8: 语文 | CF8: 语文 | CG8: 外语 | CH8: 外语 | CI8: 外语 | CJ8: 外语 | CK8: 外语 | CP8: 俄语 | CQ8: 俄语 | CR8: 英语 | CS8: 英语 | CT8: 英语 | CU8: 化学 | CV8: 语文 | CW8: 地理 | CX8: 生物 | CY8: 物理 | CZ8: 生物 | DA8: 语文 | DB8: 语文 | DC8: 外语 | DD8: 外语 | DE8: 地理 | DF8: 通用 | DG8: 体育 | DH8: 体育 | DI8: 地理 | DS8: 数学 | DT8: 数学 | DU8: 生物 | DV8: 化学 | DW8: 物理 | DX8: 语文 | DY8: 外语 | DZ8: 数学 | EA8: 数学 | EB8: 外语 | EC8: 数学 | ED8: 语文 | EE8: 历史 | EF8: 地理 | EG8: 地理 | EQ8: 语文 | ER8: 地理 | ES8: 物理 | ET8: 语文 | EU8: 物理 | EV8: 生物 | EW8: 地理 | EX8: 地理 | EY8: 地理 | EZ8: 历史 | FA8: 外语 | FB8: 外语 | FC8: 外语 | FD8: 外语 | FE8: 外语 | FJ8: 俄语 | FK8: 俄语 | FL8: 英语 | FM8: 英语 | FN8: 英语 | FO8: 体育 | FP8: 政治 | FQ8: 历史 | FR8: 生物 | FS8: 化学 | FT8: 体育 | FU8: 外语 | FV8: 外语 | FW8: 生物 | FX8: 通用 | FY8: 历史 | FZ8: 数学 | GA8: 地理 | GB8: 历史 | GC8: 政治 | GM8: 化学 | GN8: 语文 | GO8: 体育 | GP8: 音乐 | GQ8: 体育 | GR8: 物理 | GS8: 地理 | GT8: 语文 | GU8: 历史 | GV8: 通用 | GW8: 外语 | GX8: 外语 | GY8: 外语 | GZ8: 外语 | HA8: 外语 | HF8: 俄语 | HG8: 俄语 | HH8: 英语 | HI8: 英语 | HJ8: 英语 | HK8: 政治 | HL8: 历史 | HM8: 数学 | HN8: 数学 | HO8: 生物 | HP8: 化学 | HQ8: 物理 | HR8: 地理 | HS8: 地理 | HT8: 语文 | HU8: 信息 | HV8: 政治 | HW8: 数学 | HX8: 体育 | HY8: 语文 | II8: 政治 | IJ8: 生物 | IK8: 政治 | IL8: 数学 | IM8: 数学 | IN8: 化学 | IO8: 语文 | IP8: 数学 | IQ8: 语文 | IR8: 语文 | IS8: 外语 | IT8: 外语 | IU8: 外语 | IV8: 外语 | IW8: 外语 | JB8: 俄语 | JC8: 俄语 | JD8: 英语 | JE8: 英语 | JF8: 英语 | JG8: 化学 | JH8: 语文 | JI8: 数学 | JJ8: 地理 | JK8: 物理 | JL8: 生物 | JM8: 语文 | JN8: 语文 | JO8: 外语 | JP8: 外语 | JQ8: 通用 | JR8: 政治 | JS8: 体育 | JT8: 体育 | JU8: 地理
C9: =IFERROR(VLOOKUP(C8,教师安排!$A:$Y,C$2+1,FALSE),"") -> 王庆超 | D9: =IFERROR(VLOOKUP(D8,教师安排!$A:$Y,D$2+1,FALSE),"") -> 刘珊珊 | E9: =IFERROR(VLOOKUP(E8,教师安排!$A:$Y,E$2+1,FALSE),"") -> 李雯 | F9: =IFERROR(VLOOKUP(F8,教师安排!$A:$Y,F$2+1,FALSE),"") -> 周兴玲 | G9: =IFERROR(VLOOKUP(G8,教师安排!$A:$Y,G$2+1,FALSE),"") -> 李振铎 | H9: =IFERROR(VLOOKUP(H8,教师安排!$A:$Y,H$2+1,FALSE),"") -> 刘天骄 | I9: =IFERROR(VLOOKUP(I8,教师安排!$A:$Y,I$2+1,FALSE),"") -> 韩丽梅 | J9: =IFERROR(VLOOKUP(J8,教师安排!$A:$Y,J$2+1,FALSE),"") -> 宋平 | ... U9: =IFERROR(VLOOKUP(U8,教师安排!$A:$Y,U$2+1,FALSE),"") | W9: =IFERROR(VLOOKUP(W8,教师安排!$A:$Y,W$2+1,FALSE),"") | X9: =IFERROR(VLOOKUP(X8,教师安排!$A:$Y,X$2+1,FALSE),"") | Y9: =IFERROR(VLOOKUP(Y8,教师安排!$A:$Y,Y$2+1,FALSE),"") | Z9: =IFERROR(VLOOKUP(Z8,教师安排!$A:$Y,Z$2+1,FALSE),"") | AA9: =IFERROR(VLOOKUP(AA8,教师安排!$A:$Y,AA$2+1,FALSE),"") -> 马崇庆 | AB9: =IFERROR(VLOOKUP(AB8,教师安排!$A:$Y,AB$2+1,FALSE),"") -> 史振塞 | AC9: =IFERROR(VLOOKUP(AC8,教师安排!$A:$Y,AC$2+1,FALSE),"") -> 王庆超 | AD9: =IFERROR(VLOOKUP(AD8,教师安排!$A:$Y,AD$2+1,FALSE),"") -> 李冰慧 | ... BQ9: =IFERROR(VLOOKUP(BQ8,教师安排!$A:$Y,BQ$2+1,FALSE),"") | BS9: =IFERROR(VLOOKUP(BS8,教师安排!$A:$Y,BS$2+1,FALSE),"") | BT9: =IFERROR(VLOOKUP(BT8,教师安排!$A:$Y,BT$2+1,FALSE),"") | BU9: =IFERROR(VLOOKUP(BU8,教师安排!$A:$Y,BU$2+1,FALSE),"") | BV9: =IFERROR(VLOOKUP(BV8,教师安排!$A:$Y,BV$2+1,FALSE),"") | BW9: =IFERROR(VLOOKUP(BW8,教师安排!$A:$Y,BW$2+1,FALSE),"") -> 刘珊珊 | BX9: =IFERROR(VLOOKUP(BX8,教师安排!$A:$Y,BX$2+1,FALSE),"") -> 史振塞 | BY9: =IFERROR(VLOOKUP(BY8,教师安排!$A:$Y,BY$2+1,FALSE),"") -> 张雯皓 | BZ9: =IFERROR(VLOOKUP(BZ8,教师安排!$A:$Y,BZ$2+1,FALSE),"") -> 侯淑贤 | ... DM9: =IFERROR(VLOOKUP(DM8,教师安排!$A:$Y,DM$2+1,FALSE),"") | DO9: =IFERROR(VLOOKUP(DO8,教师安排!$A:$Y,DO$2+1,FALSE),"") | DP9: =IFERROR(VLOOKUP(DP8,教师安排!$A:$Y,DP$2+1,FALSE),"") | DQ9: =IFERROR(VLOOKUP(DQ8,教师安排!$A:$Y,DQ$2+1,FALSE),"") | DR9: =IFERROR(VLOOKUP(DR8,教师安排!$A:$Y,DR$2+1,FALSE),"") | DS9: =IFERROR(VLOOKUP(DS8,教师安排!$A:$Y,DS$2+1,FALSE),"") -> 侯淑贤 | DT9: =IFERROR(VLOOKUP(DT8,教师安排!$A:$Y,DT$2+1,FALSE),"") -> 姚来朋 | DU9: =IFERROR(VLOOKUP(DU8,教师安排!$A:$Y,DU$2+1,FALSE),"") -> 周兴玲 | DV9: =IFERROR(VLOOKUP(DV8,教师安排!$A:$Y,DV$2+1,FALSE),"") -> 马崇庆 | ... EK9: =IFERROR(VLOOKUP(EK8,教师安排!$A:$Y,EK$2+1,FALSE),"") | EM9: =IFERROR(VLOOKUP(EM8,教师安排!$A:$Y,EM$2+1,FALSE),"") | EN9: =IFERROR(VLOOKUP(EN8,教师安排!$A:$Y,EN$2+1,FALSE),"") | EO9: =IFERROR(VLOOKUP(EO8,教师安排!$A:$Y,EO$2+1,FALSE),"") | EP9: =IFERROR(VLOOKUP(EP8,教师安排!$A:$Y,EP$2+1,FALSE),"") | EQ9: =IFERROR(VLOOKUP(EQ8,教师安排!$A:$Y,EQ$2+1,FALSE),"") -> 杨彬 | ER9: =IFERROR(VLOOKUP(ER8,教师安排!$A:$Y,ER$2+1,FALSE),"") -> 李会玲 | ES9: =IFERROR(VLOOKUP(ES8,教师安排!$A:$Y,ES$2+1,FALSE),"") -> 张雨晴 | ET9: =IFERROR(VLOOKUP(ET8,教师安排!$A:$Y,ET$2+1,FALSE),"") -> 史振塞 | ... GG9: =IFERROR(VLOOKUP(GG8,教师安排!$A:$Y,GG$2+1,FALSE),"") | GI9: =IFERROR(VLOOKUP(GI8,教师安排!$A:$Y,GI$2+1,FALSE),"") | GJ9: =IFERROR(VLOOKUP(GJ8,教师安排!$A:$Y,GJ$2+1,FALSE),"") | GK9: =IFERROR(VLOOKUP(GK8,教师安排!$A:$Y,GK$2+1,FALSE),"") | GL9: =IFERROR(VLOOKUP(GL8,教师安排!$A:$Y,GL$2+1,FALSE),"") | GM9: =IFERROR(VLOOKUP(GM8,教师安排!$A:$Y,GM$2+1,FALSE),"") -> 马崇庆 | GN9: =IFERROR(VLOOKUP(GN8,教师安排!$A:$Y,GN$2+1,FALSE),"") -> 史振塞 | GO9: =IFERROR(VLOOKUP(GO8,教师安排!$A:$Y,GO$2+1,FALSE),"") -> 王庆超 | GP9: =IFERROR(VLOOKUP(GP8,教师安排!$A:$Y,GP$2+1,FALSE),"") -> 李冰慧 | ... IC9: =IFERROR(VLOOKUP(IC8,教师安排!$A:$Y,IC$2+1,FALSE),"") | IE9: =IFERROR(VLOOKUP(IE8,教师安排!$A:$Y,IE$2+1,FALSE),"") | IF9: =IFERROR(VLOOKUP(IF8,教师安排!$A:$Y,IF$2+1,FALSE),"") | IG9: =IFERROR(VLOOKUP(IG8,教师安排!$A:$Y,IG$2+1,FALSE),"") | IH9: =IFERROR(VLOOKUP(IH8,教师安排!$A:$Y,IH$2+1,FALSE),"") | II9: =IFERROR(VLOOKUP(II8,教师安排!$A:$Y,II$2+1,FALSE),"") -> 刘珊珊 | IJ9: =IFERROR(VLOOKUP(IJ8,教师安排!$A:$Y,IJ$2+1,FALSE),"") -> 周兴玲 | IK9: =IFERROR(VLOOKUP(IK8,教师安排!$A:$Y,IK$2+1,FALSE),"") -> 张雯皓 | IL9: =IFERROR(VLOOKUP(IL8,教师安排!$A:$Y,IL$2+1,FALSE),"") -> 侯淑贤 | ... JY9: =IFERROR(VLOOKUP(JY8,教师安排!$A:$Y,JY$2+1,FALSE),"") | KA9: =IFERROR(VLOOKUP(KA8,教师安排!$A:$Y,KA$2+1,FALSE),"") | KB9: =IFERROR(VLOOKUP(KB8,教师安排!$A:$Y,KB$2+1,FALSE),"") | KC9: =IFERROR(VLOOKUP(KC8,教师安排!$A:$Y,KC$2+1,FALSE),"") | KD9: =IFERROR(VLOOKUP(KD8,教师安排!$A:$Y,KD$2+1,FALSE),"")
B10: 2 | C10: 音乐 | D10: 历史 | E10: 体育 | F10: 信息 | G10: 体育 | H10: 化学 | I10: 物理 | J10: 化学 | K10: 数学 | L10: 历史 | M10: 外语 | N10: 外语 | O10: 外语 | P10: 外语 | Q10: 外语 | V10: 俄语 | W10: 俄语 | X10: 英语 | Y10: 英语 | Z10: 英语 | AA10: 生物 | AB10: 体育 | AC10: 语文 | AD10: 政治 | AE10: 生物 | AF10: 化学 | AG10: 化学 | AH10: 信息 | AI10: 地理 | AJ10: 体育 | AK10: 外语 | AL10: 外语 | AM10: 外语 | AN10: 外语 | AO10: 外语 | AT10: 俄语 | AU10: 俄语 | AV10: 英语 | AW10: 英语 | AX10: 英语 | AY10: 数学 | AZ10: 物理 | BA10: 政治 | BB10: 语文 | BC10: 物理 | BD10: 体育 | BE10: 语文 | BF10: 物理 | BG10: 体育 | BH10: 历史 | BI10: 历史 | BJ10: 通用 | BK10: 语文 | BL10: 地理 | BM10: 地理 | BW10: 化学 | BX10: 音乐 | BY10: 政治 | BZ10: 政治 | CA10: 物理 | CB10: 数学 | CC10: 数学 | CD10: 语文 | CE10: 数学 | CF10: 生物 | CG10: 外语 | CH10: 外语 | CI10: 外语 | CJ10: 外语 | CK10: 外语 | CP10: 俄语 | CQ10: 俄语 | CR10: 英语 | CS10: 英语 | CT10: 英语 | CU10: 体育 | CV10: 历史 | CW10: 数学 | CX10: 地理 | CY10: 物理 | CZ10: 语文 | DA10: 体育 | DB10: 体育 | DC10: 信息 | DD10: 生物 | DE10: 外语 | DF10: 外语 | DG10: 外语 | DH10: 外语 | DI10: 外语 | DN10: 俄语 | DO10: 俄语 | DP10: 英语 | DQ10: 英语 | DR10: 英语 | DS10: 数学 | DT10: 数学 | DU10: 化学 | DV10: 生物 | DW10: 物理 | DX10: 化学 | DY10: 外语 | DZ10: 数学 | EA10: 数学 | EB10: 外语 | EC10: 数学 | ED10: 语文 | EE10: 历史 | EF10: 语文 | EG10: 地理 | EQ10: 物理 | ER10: 物理 | ES10: 语文 | ET10: 地理 | EU10: 生物 | EV10: 物理 | EW10: 化学 | EX10: 地理 | EY10: 地理 | EZ10: 历史 | FA10: 外语 | FB10: 外语 | FC10: 外语 | FD10: 外语 | FE10: 外语 | FJ10: 俄语 | FK10: 俄语 | FL10: 英语 | FM10: 英语 | FN10: 英语 | FO10: 音乐 | FP10: 历史 | FQ10: 体育 | FR10: 信息 | FS10: 体育 | FT10: 化学 | FU10: 物理 | FV10: 化学 | FW10: 数学 | FX10: 历史 | FY10: 外语 | FZ10: 外语 | GA10: 外语 | GB10: 外语 | GC10: 外语 | GH10: 俄语 | GI10: 俄语 | GJ10: 英语 | GK10: 英语 | GL10: 英语 | GM10: 政治 | GN10: 体育 | GO10: 语文 | GP10: 物理 | GQ10: 生物 | GR10: 化学 | GS10: 化学 | GT10: 信息 | GU10: 地理 | GV10: 体育 | GW10: 外语 | GX10: 外语 | GY10: 外语 | GZ10: 外语 | HA10: 外语 | HF10: 俄语 | HG10: 俄语 | HH10: 英语 | HI10: 英语 | HJ10: 英语 | HK10: 数学 | HL10: 物理 | HM10: 政治 | HN10: 语文 | HO10: 物理 | HP10: 体育 | HQ10: 语文 | HR10: 物理 | HS10: 体育 | HT10: 历史 | HU10: 历史 | HV10: 通用 | HW10: 语文 | HX10: 地理 | HY10: 地理 | II10: 化学 | IJ10: 音乐 | IK10: 政治 | IL10: 地理 | IM10: 物理 | IN10: 数学 | IO10: 数学 | IP10: 语文 | IQ10: 地理 | IR10: 生物 | IS10: 外语 | IT10: 外语 | IU10: 外语 | IV10: 外语 | IW10: 外语 | JB10: 俄语 | JC10: 俄语 | JD10: 英语 | JE10: 英语 | JF10: 英语 | JG10: 体育 | JH10: 历史 | JI10: 地理 | JJ10: 化学 | JK10: 物理 | JL10: 语文 | JM10: 体育 | JN10: 地理 | JO10: 信息 | JP10: 体育 | JQ10: 外语 | JR10: 外语 | JS10: 外语 | JT10: 外语 | JU10: 外语 | JZ10: 俄语 | KA10: 俄语 | KB10: 英语 | KC10: 英语 | KD10: 英语
C11: =IFERROR(VLOOKUP(C10,教师安排!$A:$Y,C$2+1,FALSE),"") -> 李冰慧 | D11: =IFERROR(VLOOKUP(D10,教师安排!$A:$Y,D$2+1,FALSE),"") -> 田凤美 | E11: =IFERROR(VLOOKUP(E10,教师安排!$A:$Y,E$2+1,FALSE),"") -> 王庆超 | F11: =IFERROR(VLOOKUP(F10,教师安排!$A:$Y,F$2+1,FALSE),"") -> 张喆 | G11: =IFERROR(VLOOKUP(G10,教师安排!$A:$Y,G$2+1,FALSE),"") -> 袁奇 | H11: =IFERROR(VLOOKUP(H10,教师安排!$A:$Y,H$2+1,FALSE),"") -> 李振铎 | I11: =IFERROR(VLOOKUP(I10,教师安排!$A:$Y,I$2+1,FALSE),"") -> 孙存义 | J11: =IFERROR(VLOOKUP(J10,教师安排!$A:$Y,J$2+1,FALSE),"") -> 宋开元 | ... EK11: =IFERROR(VLOOKUP(EK10,教师安排!$A:$Y,EK$2+1,FALSE),"") | EM11: =IFERROR(VLOOKUP(EM10,教师安排!$A:$Y,EM$2+1,FALSE),"") | EN11: =IFERROR(VLOOKUP(EN10,教师安排!$A:$Y,EN$2+1,FALSE),"") | EO11: =IFERROR(VLOOKUP(EO10,教师安排!$A:$Y,EO$2+1,FALSE),"") | EP11: =IFERROR(VLOOKUP(EP10,教师安排!$A:$Y,EP$2+1,FALSE),"") | EQ11: =IFERROR(VLOOKUP(EQ10,教师安排!$A:$Y,EQ$2+1,FALSE),"") -> 康波 | ER11: =IFERROR(VLOOKUP(ER10,教师安排!$A:$Y,ER$2+1,FALSE),"") -> 张雨晴 | ES11: =IFERROR(VLOOKUP(ES10,教师安排!$A:$Y,ES$2+1,FALSE),"") -> 杨彬 | ET11: =IFERROR(VLOOKUP(ET10,教师安排!$A:$Y,ET$2+1,FALSE),"") -> 李会玲 | ... KD11: =IFERROR(VLOOKUP(KD10,教师安排!$A:$Y,KD$2+1,FALSE),"") -> 胡存想
B12: 大课间
DS13: =IFERROR(VLOOKUP(DS12,教师安排!$A:$Y,DS$2+1,FALSE),"") | DT13: =IFERROR(VLOOKUP(DT12,教师安排!$A:$Y,DT$2+1,FALSE),"") | DU13: =IFERROR(VLOOKUP(DU12,教师安排!$A:$Y,DU$2+1,FALSE),"") | DV13: =IFERROR(VLOOKUP(DV12,教师安排!$A:$Y,DV$2+1,FALSE),"") | DW13: =IFERROR(VLOOKUP(DW12,教师安排!$A:$Y,DW$2+1,FALSE),"") | DX13: =IFERROR(VLOOKUP(DX12,教师安排!$A:$Y,DX$2+1,FALSE),"") | DY13: =IFERROR(VLOOKUP(DY12,教师安排!$A:$Y,DY$2+1,FALSE),"") | DZ13: =IFERROR(VLOOKUP(DZ12,教师安排!$A:$Y,DZ$2+1,FALSE),"") | ... EG13: =IFERROR(VLOOKUP(EG12,教师安排!$A:$Y,EG$2+1,FALSE),"") | FO13: =IFERROR(VLOOKUP(FO12,教师安排!$A:$Y,FO$2+1,FALSE),"") | FP13: =IFERROR(VLOOKUP(FP12,教师安排!$A:$Y,FP$2+1,FALSE),"") | FQ13: =IFERROR(VLOOKUP(FQ12,教师安排!$A:$Y,FQ$2+1,FALSE),"") | FR13: =IFERROR(VLOOKUP(FR12,教师安排!$A:$Y,FR$2+1,FALSE),"") | FS13: =IFERROR(VLOOKUP(FS12,教师安排!$A:$Y,FS$2+1,FALSE),"") | FT13: =IFERROR(VLOOKUP(FT12,教师安排!$A:$Y,FT$2+1,FALSE),"") | FU13: =IFERROR(VLOOKUP(FU12,教师安排!$A:$Y,FU$2+1,FALSE),"") | FV13: =IFERROR(VLOOKUP(FV12,教师安排!$A:$Y,FV$2+1,FALSE),"") | ... GC13: =IFERROR(VLOOKUP(GC12,教师安排!$A:$Y,GC$2+1,FALSE),"") | HK13: =IFERROR(VLOOKUP(HK12,教师安排!$A:$Y,HK$2+1,FALSE),"") | HL13: =IFERROR(VLOOKUP(HL12,教师安排!$A:$Y,HL$2+1,FALSE),"") | HM13: =IFERROR(VLOOKUP(HM12,教师安排!$A:$Y,HM$2+1,FALSE),"") | HN13: =IFERROR(VLOOKUP(HN12,教师安排!$A:$Y,HN$2+1,FALSE),"") | HO13: =IFERROR(VLOOKUP(HO12,教师安排!$A:$Y,HO$2+1,FALSE),"") | HP13: =IFERROR(VLOOKUP(HP12,教师安排!$A:$Y,HP$2+1,FALSE),"") | HQ13: =IFERROR(VLOOKUP(HQ12,教师安排!$A:$Y,HQ$2+1,FALSE),"") | HR13: =IFERROR(VLOOKUP(HR12,教师安排!$A:$Y,HR$2+1,FALSE),"") | ... HY13: =IFERROR(VLOOKUP(HY12,教师安排!$A:$Y,HY$2+1,FALSE),"")
B14: 3 | C14: 历史 | D14: 生物 | E14: 化学 | F14: 班会 | G14: 通用 | H14: 物理 | I14: 化学 | J14: 物理 | K14: 历史 | L14: 生物 | M14: 班会 | N14: 地理 | O14: 数学 | P14: 数学 | Q14: 地理 | AA14: 外语 | AB14: 信息 | AC14: 语文 | AD14: 外语 | AE14: 化学 | AF14: 外语 | AG14: 外语 | AH14: 物理 | AI14: 地理 | AJ14: 地理 | AK14: 通用 | AL14: 历史 | AM14: 历史 | AN14: 语文 | AO14: 语文 | AP14: 英语 | AR14: 俄语 | AY14: 信息 | AZ14: 政治 | BA14: 语文 | BB14: 物理 | BC14: 语文 | BD14: 语文 | BE14: 语文 | BF14: 语文 | BG14: 数学 | BH14: 语文 | BI14: 数学 | BJ14: 地理 | BK14: 信息 | BL14: 数学 | BM14: 数学 | BW14: 外语 | BX14: 数学 | BY14: 物理 | BZ14: 外语 | CA14: 语文 | CB14: 语文 | CC14: 数学 | CD14: 化学 | CE14: 外语 | CF14: 外语 | CG14: 历史 | CH14: 信息 | CI14: 语文 | CJ14: 数学 | CK14: 政治 | CL14: 英语 | CN14: 俄语 | CU14: 物理 | CV14: 生物 | CW14: 音乐 | CX14: 政治 | CY14: 外语 | CZ14: 外语 | DA14: 数学 | DB14: 外语 | DC14: 数学 | DD14: 生物 | DE14: 通用 | DF14: 政治 | DG14: 政治 | DH14: 数学 | DI14: 历史 | DS14: 历史 | DT14: 生物 | DU14: 政治 | DV14: 数学 | DW14: 数学 | DX14: 外语 | DY14: 数学 | DZ14: 化学 | EA14: 历史 | EB14: 地理 | EC14: 地理 | ED14: 数学 | EE14: 语文 | EF14: 数学 | EG14: 历史 | EQ14: 化学 | ER14: 语文 | ES14: 地理 | ET14: 物理 | EU14: 外语 | EV14: 外语 | EW14: 数学 | EX14: 外语 | EY14: 生物 | EZ14: 生物 | FA14: 地理 | FB14: 地理 | FC14: 历史 | FD14: 政治 | FE14: 政治 | FO14: 历史 | FP14: 生物 | FQ14: 化学 | FR14: 班会 | FS14: 通用 | FT14: 物理 | FU14: 化学 | FV14: 物理 | FW14: 历史 | FX14: 生物 | FY14: 班会 | FZ14: 地理 | GA14: 数学 | GB14: 数学 | GC14: 地理 | GM14: 外语 | GN14: 信息 | GO14: 语文 | GP14: 外语 | GQ14: 化学 | GR14: 外语 | GS14: 外语 | GT14: 物理 | GU14: 地理 | GV14: 地理 | GW14: 通用 | GX14: 历史 | GY14: 历史 | GZ14: 语文 | HA14: 政治 | HB14: 英语 | HD14: 俄语 | HK14: 信息 | HL14: 政治 | HM14: 语文 | HN14: 物理 | HO14: 语文 | HP14: 语文 | HQ14: 语文 | HR14: 语文 | HS14: 数学 | HT14: 语文 | HU14: 数学 | HV14: 地理 | HW14: 信息 | HX14: 数学 | HY14: 数学 | II14: 外语 | IJ14: 数学 | IK14: 物理 | IL14: 外语 | IM14: 语文 | IN14: 语文 | IO14: 数学 | IP14: 化学 | IQ14: 外语 | IR14: 外语 | IS14: 历史 | IT14: 信息 | IU14: 语文 | IV14: 数学 | IW14: 政治 | IX14: 英语 | IZ14: 俄语 | JG14: 物理 | JH14: 物理 | JI14: 音乐 | JJ14: 政治 | JK14: 外语 | JL14: 外语 | JM14: 数学 | JN14: 外语 | JO14: 数学 | JP14: 生物 | JQ14: 地理 | JR14: 通用 | JS14: 政治 | JT14: 数学 | JU14: 历史
C15: =IFERROR(VLOOKUP(C14,教师安排!$A:$Y,C$2+1,FALSE),"") -> 李雯 | D15: =IFERROR(VLOOKUP(D14,教师安排!$A:$Y,D$2+1,FALSE),"") -> 周兴玲 | E15: =IFERROR(VLOOKUP(E14,教师安排!$A:$Y,E$2+1,FALSE),"") -> 宋开元 | F15: =IFERROR(VLOOKUP(F14,教师安排!$A:$Y,F$2+1,FALSE),"") -> 王庆超 | G15: =IFERROR(VLOOKUP(G14,教师安排!$A:$Y,G$2+1,FALSE),"") -> 孙显阳 | H15: =IFERROR(VLOOKUP(H14,教师安排!$A:$Y,H$2+1,FALSE),"") -> 孙存义 | I15: =IFERROR(VLOOKUP(I14,教师安排!$A:$Y,I$2+1,FALSE),"") -> 马崇庆 | J15: =IFERROR(VLOOKUP(J14,教师安排!$A:$Y,J$2+1,FALSE),"") -> 康波 | ... U15: =IFERROR(VLOOKUP(U14,教师安排!$A:$Y,U$2+1,FALSE),"") | W15: =IFERROR(VLOOKUP(W14,教师安排!$A:$Y,W$2+1,FALSE),"") | X15: =IFERROR(VLOOKUP(X14,教师安排!$A:$Y,X$2+1,FALSE),"") | Y15: =IFERROR(VLOOKUP(Y14,教师安排!$A:$Y,Y$2+1,FALSE),"") | Z15: =IFERROR(VLOOKUP(Z14,教师安排!$A:$Y,Z$2+1,FALSE),"") | AA15: =IFERROR(VLOOKUP(AA14,教师安排!$A:$Y,AA$2+1,FALSE),"") -> 岳/厉 | AB15: =IFERROR(VLOOKUP(AB14,教师安排!$A:$Y,AB$2+1,FALSE),"") -> 张喆 | AC15: =IFERROR(VLOOKUP(AC14,教师安排!$A:$Y,AC$2+1,FALSE),"") -> 杨彬 | AD15: =IFERROR(VLOOKUP(AD14,教师安排!$A:$Y,AD$2+1,FALSE),"") -> 岳/厉 | ... AS15: =IFERROR(VLOOKUP(AS14,教师安排!$A:$Y,AS$2+1,FALSE),"") | AU15: =IFERROR(VLOOKUP(AU14,教师安排!$A:$Y,AU$2+1,FALSE),"") | AV15: =IFERROR(VLOOKUP(AV14,教师安排!$A:$Y,AV$2+1,FALSE),"") | AW15: =IFERROR(VLOOKUP(AW14,教师安排!$A:$Y,AW$2+1,FALSE),"") | AX15: =IFERROR(VLOOKUP(AX14,教师安排!$A:$Y,AX$2+1,FALSE),"") | AY15: =IFERROR(VLOOKUP(AY14,教师安排!$A:$Y,AY$2+1,FALSE),"") -> 张喆 | AZ15: =IFERROR(VLOOKUP(AZ14,教师安排!$A:$Y,AZ$2+1,FALSE),"") -> 刘珊珊 | BA15: =IFERROR(VLOOKUP(BA14,教师安排!$A:$Y,BA$2+1,FALSE),"") -> 杨彬 | BB15: =IFERROR(VLOOKUP(BB14,教师安排!$A:$Y,BB$2+1,FALSE),"") -> 康波 | ... BQ15: =IFERROR(VLOOKUP(BQ14,教师安排!$A:$Y,BQ$2+1,FALSE),"") | BS15: =IFERROR(VLOOKUP(BS14,教师安排!$A:$Y,BS$2+1,FALSE),"") | BT15: =IFERROR(VLOOKUP(BT14,教师安排!$A:$Y,BT$2+1,FALSE),"") | BU15: =IFERROR(VLOOKUP(BU14,教师安排!$A:$Y,BU$2+1,FALSE),"") | BV15: =IFERROR(VLOOKUP(BV14,教师安排!$A:$Y,BV$2+1,FALSE),"") | BW15: =IFERROR(VLOOKUP(BW14,教师安排!$A:$Y,BW$2+1,FALSE),"") -> 岳/厉 | BX15: =IFERROR(VLOOKUP(BX14,教师安排!$A:$Y,BX$2+1,FALSE),"") -> 姚来朋 | BY15: =IFERROR(VLOOKUP(BY14,教师安排!$A:$Y,BY$2+1,FALSE),"") -> 张雨晴 | BZ15: =IFERROR(VLOOKUP(BZ14,教师安排!$A:$Y,BZ$2+1,FALSE),"") -> 岳/厉 | ... CP15: =IFERROR(VLOOKUP(CP14,教师安排!$A:$Y,CP$2+1,FALSE),"") | CR15: =IFERROR(VLOOKUP(CR14,教师安排!$A:$Y,CR$2+1,FALSE),"") | CS15: =IFERROR(VLOOKUP(CS14,教师安排!$A:$Y,CS$2+1,FALSE),"") | CT15: =IFERROR(VLOOKUP(CT14,教师安排!$A:$Y,CT$2+1,FALSE),"") | CU15: =IFERROR(VLOOKUP(CU14,教师安排!$A:$Y,CU$2+1,FALSE),"") -> 康波 | CV15: =IFERROR(VLOOKUP(CV14,教师安排!$A:$Y,CV$2+1,FALSE),"") -> 周兴玲 | CW15: =IFERROR(VLOOKUP(CW14,教师安排!$A:$Y,CW$2+1,FALSE),"") -> 李冰慧 | CX15: =IFERROR(VLOOKUP(CX14,教师安排!$A:$Y,CX$2+1,FALSE),"") -> 刘珊珊 | CY15: =IFERROR(VLOOKUP(CY14,教师安排!$A:$Y,CY$2+1,FALSE),"") -> 王灼 | ... DM15: =IFERROR(VLOOKUP(DM14,教师安排!$A:$Y,DM$2+1,FALSE),"") | DO15: =IFERROR(VLOOKUP(DO14,教师安排!$A:$Y,DO$2+1,FALSE),"") | DP15: =IFERROR(VLOOKUP(DP14,教师安排!$A:$Y,DP$2+1,FALSE),"") | DQ15: =IFERROR(VLOOKUP(DQ14,教师安排!$A:$Y,DQ$2+1,FALSE),"") | DR15: =IFERROR(VLOOKUP(DR14,教师安排!$A:$Y,DR$2+1,FALSE),"") | DS15: =IFERROR(VLOOKUP(DS14,教师安排!$A:$Y,DS$2+1,FALSE),"") -> 李雯 | DT15: =IFERROR(VLOOKUP(DT14,教师安排!$A:$Y,DT$2+1,FALSE),"") -> 周兴玲 | DU15: =IFERROR(VLOOKUP(DU14,教师安排!$A:$Y,DU$2+1,FALSE),"") -> 张雯皓 | DV15: =IFERROR(VLOOKUP(DV14,教师安排!$A:$Y,DV$2+1,FALSE),"") -> 侯淑贤 | ... EK15: =IFERROR(VLOOKUP(EK14,教师安排!$A:$Y,EK$2+1,FALSE),"") | EM15: =IFERROR(VLOOKUP(EM14,教师安排!$A:$Y,EM$2+1,FALSE),"") | EN15: =IFERROR(VLOOKUP(EN14,教师安排!$A:$Y,EN$2+1,FALSE),"") | EO15: =IFERROR(VLOOKUP(EO14,教师安排!$A:$Y,EO$2+1,FALSE),"") | EP15: =IFERROR(VLOOKUP(EP14,教师安排!$A:$Y,EP$2+1,FALSE),"") | EQ15: =IFERROR(VLOOKUP(EQ14,教师安排!$A:$Y,EQ$2+1,FALSE),"") -> 马崇庆 | ER15: =IFERROR(VLOOKUP(ER14,教师安排!$A:$Y,ER$2+1,FALSE),"") -> 史振塞 | ES15: =IFERROR(VLOOKUP(ES14,教师安排!$A:$Y,ES$2+1,FALSE),"") -> 李会玲 | ET15: =IFERROR(VLOOKUP(ET14,教师安排!$A:$Y,ET$2+1,FALSE),"") -> 康波 | ... FI15: =IFERROR(VLOOKUP(FI14,教师安排!$A:$Y,FI$2+1,FALSE),"") | FK15: =IFERROR(VLOOKUP(FK14,教师安排!$A:$Y,FK$2+1,FALSE),"") | FL15: =IFERROR(VLOOKUP(FL14,教师安排!$A:$Y,FL$2+1,FALSE),"") | FM15: =IFERROR(VLOOKUP(FM14,教师安排!$A:$Y,FM$2+1,FALSE),"") | FN15: =IFERROR(VLOOKUP(FN14,教师安排!$A:$Y,FN$2+1,FALSE),"") | FO15: =IFERROR(VLOOKUP(FO14,教师安排!$A:$Y,FO$2+1,FALSE),"") -> 李雯 | FP15: =IFERROR(VLOOKUP(FP14,教师安排!$A:$Y,FP$2+1,FALSE),"") -> 周兴玲 | FQ15: =IFERROR(VLOOKUP(FQ14,教师安排!$A:$Y,FQ$2+1,FALSE),"") -> 宋开元 | FR15: =IFERROR(VLOOKUP(FR14,教师安排!$A:$Y,FR$2+1,FALSE),"") -> 王庆超 | ... GG15: =IFERROR(VLOOKUP(GG14,教师安排!$A:$Y,GG$2+1,FALSE),"") | GI15: =IFERROR(VLOOKUP(GI14,教师安排!$A:$Y,GI$2+1,FALSE),"") | GJ15: =IFERROR(VLOOKUP(GJ14,教师安排!$A:$Y,GJ$2+1,FALSE),"") | GK15: =IFERROR(VLOOKUP(GK14,教师安排!$A:$Y,GK$2+1,FALSE),"") | GL15: =IFERROR(VLOOKUP(GL14,教师安排!$A:$Y,GL$2+1,FALSE),"") | GM15: =IFERROR(VLOOKUP(GM14,教师安排!$A:$Y,GM$2+1,FALSE),"") -> 岳/厉 | GN15: =IFERROR(VLOOKUP(GN14,教师安排!$A:$Y,GN$2+1,FALSE),"") -> 张喆 | GO15: =IFERROR(VLOOKUP(GO14,教师安排!$A:$Y,GO$2+1,FALSE),"") -> 杨彬 | GP15: =IFERROR(VLOOKUP(GP14,教师安排!$A:$Y,GP$2+1,FALSE),"") -> 岳/厉 | ... HE15: =IFERROR(VLOOKUP(HE14,教师安排!$A:$Y,HE$2+1,FALSE),"") | HG15: =IFERROR(VLOOKUP(HG14,教师安排!$A:$Y,HG$2+1,FALSE),"") | HH15: =IFERROR(VLOOKUP(HH14,教师安排!$A:$Y,HH$2+1,FALSE),"") | HI15: =IFERROR(VLOOKUP(HI14,教师安排!$A:$Y,HI$2+1,FALSE),"") | HJ15: =IFERROR(VLOOKUP(HJ14,教师安排!$A:$Y,HJ$2+1,FALSE),"") | HK15: =IFERROR(VLOOKUP(HK14,教师安排!$A:$Y,HK$2+1,FALSE),"") -> 张喆 | HL15: =IFERROR(VLOOKUP(HL14,教师安排!$A:$Y,HL$2+1,FALSE),"") -> 刘珊珊 | HM15: =IFERROR(VLOOKUP(HM14,教师安排!$A:$Y,HM$2+1,FALSE),"") -> 杨彬 | HN15: =IFERROR(VLOOKUP(HN14,教师安排!$A:$Y,HN$2+1,FALSE),"") -> 康波 | ... IC15: =IFERROR(VLOOKUP(IC14,教师安排!$A:$Y,IC$2+1,FALSE),"") | IE15: =IFERROR(VLOOKUP(IE14,教师安排!$A:$Y,IE$2+1,FALSE),"") | IF15: =IFERROR(VLOOKUP(IF14,教师安排!$A:$Y,IF$2+1,FALSE),"") | IG15: =IFERROR(VLOOKUP(IG14,教师安排!$A:$Y,IG$2+1,FALSE),"") | IH15: =IFERROR(VLOOKUP(IH14,教师安排!$A:$Y,IH$2+1,FALSE),"") | II15: =IFERROR(VLOOKUP(II14,教师安排!$A:$Y,II$2+1,FALSE),"") -> 岳/厉 | IJ15: =IFERROR(VLOOKUP(IJ14,教师安排!$A:$Y,IJ$2+1,FALSE),"") -> 姚来朋 | IK15: =IFERROR(VLOOKUP(IK14,教师安排!$A:$Y,IK$2+1,FALSE),"") -> 张雨晴 | IL15: =IFERROR(VLOOKUP(IL14,教师安排!$A:$Y,IL$2+1,FALSE),"") -> 岳/厉 | ... JA15: =IFERROR(VLOOKUP(JA14,教师安排!$A:$Y,JA$2+1,FALSE),"") | JC15: =IFERROR(VLOOKUP(JC14,教师安排!$A:$Y,JC$2+1,FALSE),"") | JD15: =IFERROR(VLOOKUP(JD14,教师安排!$A:$Y,JD$2+1,FALSE),"") | JE15: =IFERROR(VLOOKUP(JE14,教师安排!$A:$Y,JE$2+1,FALSE),"") | JF15: =IFERROR(VLOOKUP(JF14,教师安排!$A:$Y,JF$2+1,FALSE),"") | JG15: =IFERROR(VLOOKUP(JG14,教师安排!$A:$Y,JG$2+1,FALSE),"") -> 康波 | JH15: =IFERROR(VLOOKUP(JH14,教师安排!$A:$Y,JH$2+1,FALSE),"") -> 张雨晴 | JI15: =IFERROR(VLOOKUP(JI14,教师安排!$A:$Y,JI$2+1,FALSE),"") -> 李冰慧 | JJ15: =IFERROR(VLOOKUP(JJ14,教师安排!$A:$Y,JJ$2+1,FALSE),"") -> 刘珊珊 | ... JY15: =IFERROR(VLOOKUP(JY14,教师安排!$A:$Y,JY$2+1,FALSE),"") | KA15: =IFERROR(VLOOKUP(KA14,教师安排!$A:$Y,KA$2+1,FALSE),"") | KB15: =IFERROR(VLOOKUP(KB14,教师安排!$A:$Y,KB$2+1,FALSE),"") | KC15: =IFERROR(VLOOKUP(KC14,教师安排!$A:$Y,KC$2+1,FALSE),"") | KD15: =IFERROR(VLOOKUP(KD14,教师安排!$A:$Y,KD$2+1,FALSE),"")
B16: 4 | C16: 政治 | D16: 语文 | E16: 政治 | F16: 数学 | G16: 物理 | H16: 数学 | I16: 地理 | J16: 物理 | K16: 语文 | L16: 语文 | M16: 体育训练 | N16: 历史 | O16: 政治 | P16: 语文 | Q16: 历史 | AA16: 外语 | AB16: 美术 | AC16: 地理 | AD16: 外语 | AE16: 数学 | AF16: 数学 | AG16: 语文 | AH16: 物理 | AI16: 外语 | AJ16: 数学 | AK16: 体育训练 | AL16: 信息 | AM16: 地理 | AN16: 语文 | AO16: 历史 | AP16: 英语 | AR16: 俄语 | AY16: 物理 | AZ16: 生物 | BA16: 信息 | BB16: 政治 | BC16: 语文 | BD16: 通用 | BE16: 数学 | BF16: 地理 | BG16: 数学 | BH16: 生物 | BI16: 体育训练 | BJ16: 数学 | BK16: 政治 | BL16: 数学 | BM16: 政治 | BW16: 数学 | BX16: 外语 | BY16: 外语 | BZ16: 物理 | CA16: 生物 | CB16: 生物 | CC16: 物理 | CD16: 化学 | CE16: 外语 | CF16: 外语 | CG16: 体育训练 | CH16: 语文 | CI16: 历史 | CJ16: 语文 | CK16: 语文 | CM16: 英语 | CO16: 俄语 | CU16: 外语 | CV16: 地理 | CW16: 生物 | CX16: 外语 | CY16: 数学 | CZ16: 数学 | DA16: 物理 | DB16: 信息 | DC16: 生物 | DD16: 地理 | DE16: 体育训练 | DF16: 历史 | DG16: 信息 | DH16: 语文 | DI16: 语文 | DJ16: 英语 | DL16: 俄语 | DS16: 历史 | DT16: 化学 | DU16: 数学 | DV16: 数学 | DW16: 化学 | DX16: 物理 | DY16: 语文 | DZ16: 地理 | EA16: 历史 | EB16: 语文 | EC16: 政治 | ED16: 数学 | EE16: 数学 | EF16: 数学 | EG16: 数学 | EQ16: 外语 | ER16: 语文 | ES16: 地理 | ET16: 外语 | EU16: 外语 | EV16: 生物 | EW16: 数学 | EX16: 物理 | EY16: 生物 | EZ16: 地理 | FA16: 地理 | FB16: 政治 | FC16: 政治 | FD16: 历史 | FE16: 历史 | FF16: 英语 | FH16: 俄语 | FO16: 地理 | FP16: 语文 | FQ16: 政治 | FR16: 数学 | FS16: 物理 | FT16: 数学 | FU16: 地理 | FV16: 物理 | FW16: 语文 | FX16: 语文 | FY16: 体育训练 | FZ16: 历史 | GA16: 政治 | GB16: 语文 | GC16: 历史 | GM16: 生物 | GN16: 化学 | GO16: 物理 | GP16: 政治 | GQ16: 数学 | GR16: 数学 | GS16: 语文 | GT16: 物理 | GU16: 外语 | GV16: 数学 | GW16: 体育训练 | GX16: 信息 | GY16: 地理 | GZ16: 语文 | HA16: 历史 | HK16: 物理 | HL16: 语文 | HM16: 信息 | HN16: 政治 | HO16: 语文 | HP16: 通用 | HQ16: 数学 | HR16: 地理 | HS16: 数学 | HT16: 生物 | HU16: 体育训练 | HV16: 数学 | HW16: 政治 | HX16: 数学 | HY16: 语文 | II16: 数学 | IJ16: 外语 | IK16: 外语 | IL16: 物理 | IM16: 生物 | IN16: 生物 | IO16: 物理 | IP16: 化学 | IQ16: 外语 | IR16: 外语 | IS16: 体育训练 | IT16: 政治 | IU16: 历史 | IV16: 语文 | IW16: 语文 | IY16: 英语 | JA16: 俄语 | JG16: 外语 | JH16: 地理 | JI16: 物理 | JJ16: 外语 | JK16: 数学 | JL16: 数学 | JM16: 物理 | JN16: 信息 | JO16: 生物 | JP16: 地理 | JQ16: 体育训练 | JR16: 历史 | JS16: 信息 | JT16: 语文 | JU16: 语文 | JV16: 英语 | JX16: 俄语
C17: =IFERROR(VLOOKUP(C16,教师安排!$A:$Y,C$2+1,FALSE),"") -> 刘珊珊 | D17: =IFERROR(VLOOKUP(D16,教师安排!$A:$Y,D$2+1,FALSE),"") -> 史振塞 | E17: =IFERROR(VLOOKUP(E16,教师安排!$A:$Y,E$2+1,FALSE),"") -> 张雯皓 | F17: =IFERROR(VLOOKUP(F16,教师安排!$A:$Y,F$2+1,FALSE),"") -> 侯淑贤 | G17: =IFERROR(VLOOKUP(G16,教师安排!$A:$Y,G$2+1,FALSE),"") -> 孙存义 | H17: =IFERROR(VLOOKUP(H16,教师安排!$A:$Y,H$2+1,FALSE),"") -> 王露 | I17: =IFERROR(VLOOKUP(I16,教师安排!$A:$Y,I$2+1,FALSE),"") -> 孙锦锦 | J17: =IFERROR(VLOOKUP(J16,教师安排!$A:$Y,J$2+1,FALSE),"") -> 康波 | ... U17: =IFERROR(VLOOKUP(U16,教师安排!$A:$Y,U$2+1,FALSE),"") | W17: =IFERROR(VLOOKUP(W16,教师安排!$A:$Y,W$2+1,FALSE),"") | X17: =IFERROR(VLOOKUP(X16,教师安排!$A:$Y,X$2+1,FALSE),"") | Y17: =IFERROR(VLOOKUP(Y16,教师安排!$A:$Y,Y$2+1,FALSE),"") | Z17: =IFERROR(VLOOKUP(Z16,教师安排!$A:$Y,Z$2+1,FALSE),"") | AA17: =IFERROR(VLOOKUP(AA16,教师安排!$A:$Y,AA$2+1,FALSE),"") -> 岳/厉 | AB17: =IFERROR(VLOOKUP(AB16,教师安排!$A:$Y,AB$2+1,FALSE),"") -> 张苏 | AC17: =IFERROR(VLOOKUP(AC16,教师安排!$A:$Y,AC$2+1,FALSE),"") -> 李会玲 | AD17: =IFERROR(VLOOKUP(AD16,教师安排!$A:$Y,AD$2+1,FALSE),"") -> 岳/厉 | ... AS17: =IFERROR(VLOOKUP(AS16,教师安排!$A:$Y,AS$2+1,FALSE),"") | AU17: =IFERROR(VLOOKUP(AU16,教师安排!$A:$Y,AU$2+1,FALSE),"") | AV17: =IFERROR(VLOOKUP(AV16,教师安排!$A:$Y,AV$2+1,FALSE),"") | AW17: =IFERROR(VLOOKUP(AW16,教师安排!$A:$Y,AW$2+1,FALSE),"") | AX17: =IFERROR(VLOOKUP(AX16,教师安排!$A:$Y,AX$2+1,FALSE),"") | AY17: =IFERROR(VLOOKUP(AY16,教师安排!$A:$Y,AY$2+1,FALSE),"") -> 康波 | AZ17: =IFERROR(VLOOKUP(AZ16,教师安排!$A:$Y,AZ$2+1,FALSE),"") -> 周兴玲 | BA17: =IFERROR(VLOOKUP(BA16,教师安排!$A:$Y,BA$2+1,FALSE),"") -> 张喆 | BB17: =IFERROR(VLOOKUP(BB16,教师安排!$A:$Y,BB$2+1,FALSE),"") -> 刘珊珊 | ... BQ17: =IFERROR(VLOOKUP(BQ16,教师安排!$A:$Y,BQ$2+1,FALSE),"") | BS17: =IFERROR(VLOOKUP(BS16,教师安排!$A:$Y,BS$2+1,FALSE),"") | BT17: =IFERROR(VLOOKUP(BT16,教师安排!$A:$Y,BT$2+1,FALSE),"") | BU17: =IFERROR(VLOOKUP(BU16,教师安排!$A:$Y,BU$2+1,FALSE),"") | BV17: =IFERROR(VLOOKUP(BV16,教师安排!$A:$Y,BV$2+1,FALSE),"") | BW17: =IFERROR(VLOOKUP(BW16,教师安排!$A:$Y,BW$2+1,FALSE),"") -> 侯淑贤 | BX17: =IFERROR(VLOOKUP(BX16,教师安排!$A:$Y,BX$2+1,FALSE),"") -> 岳/厉 | BY17: =IFERROR(VLOOKUP(BY16,教师安排!$A:$Y,BY$2+1,FALSE),"") -> 岳/厉 | BZ17: =IFERROR(VLOOKUP(BZ16,教师安排!$A:$Y,BZ$2+1,FALSE),"") -> 康波 | ... CP17: =IFERROR(VLOOKUP(CP16,教师安排!$A:$Y,CP$2+1,FALSE),"") | CR17: =IFERROR(VLOOKUP(CR16,教师安排!$A:$Y,CR$2+1,FALSE),"") | CS17: =IFERROR(VLOOKUP(CS16,教师安排!$A:$Y,CS$2+1,FALSE),"") | CT17: =IFERROR(VLOOKUP(CT16,教师安排!$A:$Y,CT$2+1,FALSE),"") | CU17: =IFERROR(VLOOKUP(CU16,教师安排!$A:$Y,CU$2+1,FALSE),"") -> 岳/厉 | CV17: =IFERROR(VLOOKUP(CV16,教师安排!$A:$Y,CV$2+1,FALSE),"") -> 李会玲 | CW17: =IFERROR(VLOOKUP(CW16,教师安排!$A:$Y,CW$2+1,FALSE),"") -> 周兴玲 | CX17: =IFERROR(VLOOKUP(CX16,教师安排!$A:$Y,CX$2+1,FALSE),"") -> 岳/厉 | CY17: =IFERROR(VLOOKUP(CY16,教师安排!$A:$Y,CY$2+1,FALSE),"") -> 赵雪敏 | ... DM17: =IFERROR(VLOOKUP(DM16,教师安排!$A:$Y,DM$2+1,FALSE),"") | DO17: =IFERROR(VLOOKUP(DO16,教师安排!$A:$Y,DO$2+1,FALSE),"") | DP17: =IFERROR(VLOOKUP(DP16,教师安排!$A:$Y,DP$2+1,FALSE),"") | DQ17: =IFERROR(VLOOKUP(DQ16,教师安排!$A:$Y,DQ$2+1,FALSE),"") | DR17: =IFERROR(VLOOKUP(DR16,教师安排!$A:$Y,DR$2+1,FALSE),"") | DS17: =IFERROR(VLOOKUP(DS16,教师安排!$A:$Y,DS$2+1,FALSE),"") -> 李雯 | DT17: =IFERROR(VLOOKUP(DT16,教师安排!$A:$Y,DT$2+1,FALSE),"") -> 宋开元 | DU17: =IFERROR(VLOOKUP(DU16,教师安排!$A:$Y,DU$2+1,FALSE),"") -> 姚来朋 | DV17: =IFERROR(VLOOKUP(DV16,教师安排!$A:$Y,DV$2+1,FALSE),"") -> 侯淑贤 | ... EK17: =IFERROR(VLOOKUP(EK16,教师安排!$A:$Y,EK$2+1,FALSE),"") | EM17: =IFERROR(VLOOKUP(EM16,教师安排!$A:$Y,EM$2+1,FALSE),"") | EN17: =IFERROR(VLOOKUP(EN16,教师安排!$A:$Y,EN$2+1,FALSE),"") | EO17: =IFERROR(VLOOKUP(EO16,教师安排!$A:$Y,EO$2+1,FALSE),"") | EP17: =IFERROR(VLOOKUP(EP16,教师安排!$A:$Y,EP$2+1,FALSE),"") | EQ17: =IFERROR(VLOOKUP(EQ16,教师安排!$A:$Y,EQ$2+1,FALSE),"") -> 岳/厉 | ER17: =IFERROR(VLOOKUP(ER16,教师安排!$A:$Y,ER$2+1,FALSE),"") -> 史振塞 | ES17: =IFERROR(VLOOKUP(ES16,教师安排!$A:$Y,ES$2+1,FALSE),"") -> 李会玲 | ET17: =IFERROR(VLOOKUP(ET16,教师安排!$A:$Y,ET$2+1,FALSE),"") -> 岳/厉 | ... FI17: =IFERROR(VLOOKUP(FI16,教师安排!$A:$Y,FI$2+1,FALSE),"") | FK17: =IFERROR(VLOOKUP(FK16,教师安排!$A:$Y,FK$2+1,FALSE),"") | FL17: =IFERROR(VLOOKUP(FL16,教师安排!$A:$Y,FL$2+1,FALSE),"") | FM17: =IFERROR(VLOOKUP(FM16,教师安排!$A:$Y,FM$2+1,FALSE),"") | FN17: =IFERROR(VLOOKUP(FN16,教师安排!$A:$Y,FN$2+1,FALSE),"") | FO17: =IFERROR(VLOOKUP(FO16,教师安排!$A:$Y,FO$2+1,FALSE),"") -> 李会玲 | FP17: =IFERROR(VLOOKUP(FP16,教师安排!$A:$Y,FP$2+1,FALSE),"") -> 史振塞 | FQ17: =IFERROR(VLOOKUP(FQ16,教师安排!$A:$Y,FQ$2+1,FALSE),"") -> 张雯皓 | FR17: =IFERROR(VLOOKUP(FR16,教师安排!$A:$Y,FR$2+1,FALSE),"") -> 侯淑贤 | ... GG17: =IFERROR(VLOOKUP(GG16,教师安排!$A:$Y,GG$2+1,FALSE),"") | GI17: =IFERROR(VLOOKUP(GI16,教师安排!$A:$Y,GI$2+1,FALSE),"") | GJ17: =IFERROR(VLOOKUP(GJ16,教师安排!$A:$Y,GJ$2+1,FALSE),"") | GK17: =IFERROR(VLOOKUP(GK16,教师安排!$A:$Y,GK$2+1,FALSE),"") | GL17: =IFERROR(VLOOKUP(GL16,教师安排!$A:$Y,GL$2+1,FALSE),"") | GM17: =IFERROR(VLOOKUP(GM16,教师安排!$A:$Y,GM$2+1,FALSE),"") -> 周兴玲 | GN17: =IFERROR(VLOOKUP(GN16,教师安排!$A:$Y,GN$2+1,FALSE),"") -> 宋开元 | GO17: =IFERROR(VLOOKUP(GO16,教师安排!$A:$Y,GO$2+1,FALSE),"") -> 张雨晴 | GP17: =IFERROR(VLOOKUP(GP16,教师安排!$A:$Y,GP$2+1,FALSE),"") -> 刘珊珊 | ... HE17: =IFERROR(VLOOKUP(HE16,教师安排!$A:$Y,HE$2+1,FALSE),"") | HG17: =IFERROR(VLOOKUP(HG16,教师安排!$A:$Y,HG$2+1,FALSE),"") | HH17: =IFERROR(VLOOKUP(HH16,教师安排!$A:$Y,HH$2+1,FALSE),"") | HI17: =IFERROR(VLOOKUP(HI16,教师安排!$A:$Y,HI$2+1,FALSE),"") | HJ17: =IFERROR(VLOOKUP(HJ16,教师安排!$A:$Y,HJ$2+1,FALSE),"") | HK17: =IFERROR(VLOOKUP(HK16,教师安排!$A:$Y,HK$2+1,FALSE),"") -> 康波 | HL17: =IFERROR(VLOOKUP(HL16,教师安排!$A:$Y,HL$2+1,FALSE),"") -> 史振塞 | HM17: =IFERROR(VLOOKUP(HM16,教师安排!$A:$Y,HM$2+1,FALSE),"") -> 张喆 | HN17: =IFERROR(VLOOKUP(HN16,教师安排!$A:$Y,HN$2+1,FALSE),"") -> 刘珊珊 | ... IC17: =IFERROR(VLOOKUP(IC16,教师安排!$A:$Y,IC$2+1,FALSE),"") | IE17: =IFERROR(VLOOKUP(IE16,教师安排!$A:$Y,IE$2+1,FALSE),"") | IF17: =IFERROR(VLOOKUP(IF16,教师安排!$A:$Y,IF$2+1,FALSE),"") | IG17: =IFERROR(VLOOKUP(IG16,教师安排!$A:$Y,IG$2+1,FALSE),"") | IH17: =IFERROR(VLOOKUP(IH16,教师安排!$A:$Y,IH$2+1,FALSE),"") | II17: =IFERROR(VLOOKUP(II16,教师安排!$A:$Y,II$2+1,FALSE),"") -> 侯淑贤 | IJ17: =IFERROR(VLOOKUP(IJ16,教师安排!$A:$Y,IJ$2+1,FALSE),"") -> 岳/厉 | IK17: =IFERROR(VLOOKUP(IK16,教师安排!$A:$Y,IK$2+1,FALSE),"") -> 岳/厉 | IL17: =IFERROR(VLOOKUP(IL16,教师安排!$A:$Y,IL$2+1,FALSE),"") -> 康波 | ... JA17: =IFERROR(VLOOKUP(JA16,教师安排!$A:$Y,JA$2+1,FALSE),"") -> 厉彦龙 | JC17: =IFERROR(VLOOKUP(JC16,教师安排!$A:$Y,JC$2+1,FALSE),"") | JD17: =IFERROR(VLOOKUP(JD16,教师安排!$A:$Y,JD$2+1,FALSE),"") | JE17: =IFERROR(VLOOKUP(JE16,教师安排!$A:$Y,JE$2+1,FALSE),"") | JF17: =IFERROR(VLOOKUP(JF16,教师安排!$A:$Y,JF$2+1,FALSE),"") | JG17: =IFERROR(VLOOKUP(JG16,教师安排!$A:$Y,JG$2+1,FALSE),"") -> 岳/厉 | JH17: =IFERROR(VLOOKUP(JH16,教师安排!$A:$Y,JH$2+1,FALSE),"") -> 李会玲 | JI17: =IFERROR(VLOOKUP(JI16,教师安排!$A:$Y,JI$2+1,FALSE),"") -> 张雨晴 | JJ17: =IFERROR(VLOOKUP(JJ16,教师安排!$A:$Y,JJ$2+1,FALSE),"") -> 岳/厉 | ... JY17: =IFERROR(VLOOKUP(JY16,教师安排!$A:$Y,JY$2+1,FALSE),"") | KA17: =IFERROR(VLOOKUP(KA16,教师安排!$A:$Y,KA$2+1,FALSE),"") | KB17: =IFERROR(VLOOKUP(KB16,教师安排!$A:$Y,KB$2+1,FALSE),"") | KC17: =IFERROR(VLOOKUP(KC16,教师安排!$A:$Y,KC$2+1,FALSE),"") | KD17: =IFERROR(VLOOKUP(KD16,教师安排!$A:$Y,KD$2+1,FALSE),"")
B18: 5 | C18: 班会 | D18: 班会 | E18: 班会 | F18: 历史 | G18: 班会 | H18: 班会 | I18: 班会 | J18: 班会 | K18: 班会 | L18: 班会 | M18: 体育训练 | N18: 班会 | O18: 班会 | P18: 班会 | Q18: 班会 | AA18: 生物 | AB18: 地理 | AC18: 数学 | AD18: 语文 | AE18: 外语 | AF18: 物理 | AG18: 通用 | AH18: 外语 | AI18: 生物 | AJ18: 外语 | AK18: 体育训练 | AL18: 语文 | AM18: 政治 | AN18: 地理 | AO18: 数学 | AY18: 语文 | AZ18: 化学 | BA18: 数学 | BB18: 历史 | BC18: 外语 | BD18: 外语 | BE18: 外语 | BF18: 通用 | BG18: 生物 | BH18: 地理 | BI18: 体育训练 | BJ18: 地理 | BK18: 政治 | BL18: 语文 | BM18: 历史 | BW18: 数学 | BX18: 地理 | BY18: 语文 | BZ18: 语文 | CA18: 化学 | CB18: 生物 | CC18: 化学 | CD18: 通用 | CE18: 历史 | CF18: 历史 | CG18: 体育训练 | CH18: 语文 | CI18: 政治 | CJ18: 地理 | CK18: 地理 | CU18: 数学 | CV18: 外语 | CW18: 外语 | CX18: 语文 | CY18: 信息 | CZ18: 信息 | DA18: 物理 | DB18: 语文 | DC18: 历史 | DD18: 地理 | DE18: 体育训练 | DF18: 数学 | DG18: 数学 | DH18: 历史 | DI18: 政治 | DK18: 英语 | DM18: 俄语 | DS18: 化学 | DT18: 历史 | DU18: 数学 | DV18: 数学 | DW18: 化学 | DX18: 物理 | DY18: 语文 | DZ18: 化学 | EA18: 语文 | EB18: 语文 | EC18: 政治 | ED18: 历史 | EE18: 数学 | EF18: 地理 | EG18: 地理 | EQ18: 物理 | ER18: 外语 | ES18: 外语 | ET18: 地理 | EU18: 化学 | EV18: 生物 | EW18: 物理 | EX18: 外语 | EY18: 生物 | EZ18: 地理 | FA18: 政治 | FB18: 政治 | FC18: 数学 | FD18: 历史 | FE18: 历史 | FG18: 英语 | FI18: 俄语 | FO18: 班会 | FP18: 班会 | FQ18: 班会 | FR18: 历史 | FS18: 班会 | FT18: 班会 | FU18: 班会 | FV18: 班会 | FW18: 班会 | FX18: 班会 | FY18: 体育训练 | FZ18: 班会 | GA18: 班会 | GB18: 班会 | GC18: 班会 | GM18: 生物 | GN18: 地理 | GO18: 数学 | GP18: 语文 | GQ18: 外语 | GR18: 物理 | GS18: 通用 | GT18: 外语 | GU18: 生物 | GV18: 外语 | GW18: 体育训练 | GX18: 语文 | GY18: 政治 | GZ18: 地理 | HA18: 数学 | HK18: 语文 | HL18: 化学 | HM18: 数学 | HN18: 历史 | HO18: 外语 | HP18: 外语 | HQ18: 外语 | HR18: 通用 | HS18: 生物 | HT18: 地理 | HU18: 体育训练 | HV18: 地理 | HW18: 政治 | HX18: 语文 | HY18: 历史 | II18: 数学 | IJ18: 地理 | IK18: 语文 | IL18: 语文 | IM18: 化学 | IN18: 生物 | IO18: 化学 | IP18: 通用 | IQ18: 历史 | IR18: 历史 | IS18: 体育训练 | IT18: 语文 | IU18: 政治 | IV18: 地理 | IW18: 地理 | JG18: 地理 | JH18: 外语 | JI18: 外语 | JJ18: 语文 | JK18: 信息 | JL18: 信息 | JM18: 物理 | JN18: 语文 | JO18: 历史 | JP18: 地理 | JQ18: 体育训练 | JR18: 语文 | JS18: 数学 | JT18: 历史 | JU18: 政治 | JW18: 英语 | JY18: 俄语
C19: =IFERROR(VLOOKUP(C18,教师安排!$A:$Y,C$2+1,FALSE),"") -> 侯淑贤 | D19: =IFERROR(VLOOKUP(D18,教师安排!$A:$Y,D$2+1,FALSE),"") -> 田凤美 | E19: =IFERROR(VLOOKUP(E18,教师安排!$A:$Y,E$2+1,FALSE),"") -> 厉彦龙 | F19: =IFERROR(VLOOKUP(F18,教师安排!$A:$Y,F$2+1,FALSE),"") -> 李雯 | G19: =IFERROR(VLOOKUP(G18,教师安排!$A:$Y,G$2+1,FALSE),"") -> 李振铎 | H19: =IFERROR(VLOOKUP(H18,教师安排!$A:$Y,H$2+1,FALSE),"") -> 蒋心言 | I19: =IFERROR(VLOOKUP(I18,教师安排!$A:$Y,I$2+1,FALSE),"") -> 王雪莲 | J19: =IFERROR(VLOOKUP(J18,教师安排!$A:$Y,J$2+1,FALSE),"") -> 高文凤 | ... U19: =IFERROR(VLOOKUP(U18,教师安排!$A:$Y,U$2+1,FALSE),"") | W19: =IFERROR(VLOOKUP(W18,教师安排!$A:$Y,W$2+1,FALSE),"") | X19: =IFERROR(VLOOKUP(X18,教师安排!$A:$Y,X$2+1,FALSE),"") | Y19: =IFERROR(VLOOKUP(Y18,教师安排!$A:$Y,Y$2+1,FALSE),"") | Z19: =IFERROR(VLOOKUP(Z18,教师安排!$A:$Y,Z$2+1,FALSE),"") | AA19: =IFERROR(VLOOKUP(AA18,教师安排!$A:$Y,AA$2+1,FALSE),"") -> 周兴玲 | AB19: =IFERROR(VLOOKUP(AB18,教师安排!$A:$Y,AB$2+1,FALSE),"") -> 李会玲 | AC19: =IFERROR(VLOOKUP(AC18,教师安排!$A:$Y,AC$2+1,FALSE),"") -> 姚来朋 | AD19: =IFERROR(VLOOKUP(AD18,教师安排!$A:$Y,AD$2+1,FALSE),"") -> 史振塞 | ... AS19: =IFERROR(VLOOKUP(AS18,教师安排!$A:$Y,AS$2+1,FALSE),"") | AU19: =IFERROR(VLOOKUP(AU18,教师安排!$A:$Y,AU$2+1,FALSE),"") | AV19: =IFERROR(VLOOKUP(AV18,教师安排!$A:$Y,AV$2+1,FALSE),"") | AW19: =IFERROR(VLOOKUP(AW18,教师安排!$A:$Y,AW$2+1,FALSE),"") | AX19: =IFERROR(VLOOKUP(AX18,教师安排!$A:$Y,AX$2+1,FALSE),"") | AY19: =IFERROR(VLOOKUP(AY18,教师安排!$A:$Y,AY$2+1,FALSE),"") -> 杨彬 | AZ19: =IFERROR(VLOOKUP(AZ18,教师安排!$A:$Y,AZ$2+1,FALSE),"") -> 宋开元 | BA19: =IFERROR(VLOOKUP(BA18,教师安排!$A:$Y,BA$2+1,FALSE),"") -> 姚来朋 | BB19: =IFERROR(VLOOKUP(BB18,教师安排!$A:$Y,BB$2+1,FALSE),"") -> 李雯 | ... BQ19: =IFERROR(VLOOKUP(BQ18,教师安排!$A:$Y,BQ$2+1,FALSE),"") | BS19: =IFERROR(VLOOKUP(BS18,教师安排!$A:$Y,BS$2+1,FALSE),"") | BT19: =IFERROR(VLOOKUP(BT18,教师安排!$A:$Y,BT$2+1,FALSE),"") | BU19: =IFERROR(VLOOKUP(BU18,教师安排!$A:$Y,BU$2+1,FALSE),"") | BV19: =IFERROR(VLOOKUP(BV18,教师安排!$A:$Y,BV$2+1,FALSE),"") | BW19: =IFERROR(VLOOKUP(BW18,教师安排!$A:$Y,BW$2+1,FALSE),"") -> 侯淑贤 | BX19: =IFERROR(VLOOKUP(BX18,教师安排!$A:$Y,BX$2+1,FALSE),"") -> 李会玲 | BY19: =IFERROR(VLOOKUP(BY18,教师安排!$A:$Y,BY$2+1,FALSE),"") -> 杨彬 | BZ19: =IFERROR(VLOOKUP(BZ18,教师安排!$A:$Y,BZ$2+1,FALSE),"") -> 史振塞 | ... CP19: =IFERROR(VLOOKUP(CP18,教师安排!$A:$Y,CP$2+1,FALSE),"") | CR19: =IFERROR(VLOOKUP(CR18,教师安排!$A:$Y,CR$2+1,FALSE),"") | CT19: =IFERROR(VLOOKUP(CT18,教师安排!$A:$Y,CT$2+1,FALSE),"") | CU19: =IFERROR(VLOOKUP(CU18,教师安排!$A:$Y,CU$2+1,FALSE),"") -> 侯淑贤 | CV19: =IFERROR(VLOOKUP(CV18,教师安排!$A:$Y,CV$2+1,FALSE),"") -> 岳/厉 | CW19: =IFERROR(VLOOKUP(CW18,教师安排!$A:$Y,CW$2+1,FALSE),"") -> 岳/厉 | CX19: =IFERROR(VLOOKUP(CX18,教师安排!$A:$Y,CX$2+1,FALSE),"") -> 史振塞 | CY19: =IFERROR(VLOOKUP(CY18,教师安排!$A:$Y,CY$2+1,FALSE),"") -> 孙显阳 | CZ19: =IFERROR(VLOOKUP(CZ18,教师安排!$A:$Y,CZ$2+1,FALSE),"") -> 张喆 | DA19: =IFERROR(VLOOKUP(DA18,教师安排!$A:$Y,DA$2+1,FALSE),"") -> 孙存义 | ... DM19: =IFERROR(VLOOKUP(DM18,教师安排!$A:$Y,DM$2+1,FALSE),"") -> 厉彦龙 | DO19: =IFERROR(VLOOKUP(DO18,教师安排!$A:$Y,DO$2+1,FALSE),"") | DP19: =IFERROR(VLOOKUP(DP18,教师安排!$A:$Y,DP$2+1,FALSE),"") | DQ19: =IFERROR(VLOOKUP(DQ18,教师安排!$A:$Y,DQ$2+1,FALSE),"") | DR19: =IFERROR(VLOOKUP(DR18,教师安排!$A:$Y,DR$2+1,FALSE),"") | DS19: =IFERROR(VLOOKUP(DS18,教师安排!$A:$Y,DS$2+1,FALSE),"") -> 马崇庆 | DT19: =IFERROR(VLOOKUP(DT18,教师安排!$A:$Y,DT$2+1,FALSE),"") -> 田凤美 | DU19: =IFERROR(VLOOKUP(DU18,教师安排!$A:$Y,DU$2+1,FALSE),"") -> 姚来朋 | DV19: =IFERROR(VLOOKUP(DV18,教师安排!$A:$Y,DV$2+1,FALSE),"") -> 侯淑贤 | ... EK19: =IFERROR(VLOOKUP(EK18,教师安排!$A:$Y,EK$2+1,FALSE),"") | EM19: =IFERROR(VLOOKUP(EM18,教师安排!$A:$Y,EM$2+1,FALSE),"") | EN19: =IFERROR(VLOOKUP(EN18,教师安排!$A:$Y,EN$2+1,FALSE),"") | EO19: =IFERROR(VLOOKUP(EO18,教师安排!$A:$Y,EO$2+1,FALSE),"") | EP19: =IFERROR(VLOOKUP(EP18,教师安排!$A:$Y,EP$2+1,FALSE),"") | EQ19: =IFERROR(VLOOKUP(EQ18,教师安排!$A:$Y,EQ$2+1,FALSE),"") -> 康波 | ER19: =IFERROR(VLOOKUP(ER18,教师安排!$A:$Y,ER$2+1,FALSE),"") -> 岳/厉 | ES19: =IFERROR(VLOOKUP(ES18,教师安排!$A:$Y,ES$2+1,FALSE),"") -> 岳/厉 | ET19: =IFERROR(VLOOKUP(ET18,教师安排!$A:$Y,ET$2+1,FALSE),"") -> 李会玲 | ... FI19: =IFERROR(VLOOKUP(FI18,教师安排!$A:$Y,FI$2+1,FALSE),"") -> 厉彦龙 | FK19: =IFERROR(VLOOKUP(FK18,教师安排!$A:$Y,FK$2+1,FALSE),"") | FL19: =IFERROR(VLOOKUP(FL18,教师安排!$A:$Y,FL$2+1,FALSE),"") | FM19: =IFERROR(VLOOKUP(FM18,教师安排!$A:$Y,FM$2+1,FALSE),"") | FN19: =IFERROR(VLOOKUP(FN18,教师安排!$A:$Y,FN$2+1,FALSE),"") | FO19: =IFERROR(VLOOKUP(FO18,教师安排!$A:$Y,FO$2+1,FALSE),"") -> 侯淑贤 | FP19: =IFERROR(VLOOKUP(FP18,教师安排!$A:$Y,FP$2+1,FALSE),"") -> 田凤美 | FQ19: =IFERROR(VLOOKUP(FQ18,教师安排!$A:$Y,FQ$2+1,FALSE),"") -> 厉彦龙 | FR19: =IFERROR(VLOOKUP(FR18,教师安排!$A:$Y,FR$2+1,FALSE),"") -> 李雯 | ... GG19: =IFERROR(VLOOKUP(GG18,教师安排!$A:$Y,GG$2+1,FALSE),"") | GI19: =IFERROR(VLOOKUP(GI18,教师安排!$A:$Y,GI$2+1,FALSE),"") | GJ19: =IFERROR(VLOOKUP(GJ18,教师安排!$A:$Y,GJ$2+1,FALSE),"") | GK19: =IFERROR(VLOOKUP(GK18,教师安排!$A:$Y,GK$2+1,FALSE),"") | GL19: =IFERROR(VLOOKUP(GL18,教师安排!$A:$Y,GL$2+1,FALSE),"") | GM19: =IFERROR(VLOOKUP(GM18,教师安排!$A:$Y,GM$2+1,FALSE),"") -> 周兴玲 | GN19: =IFERROR(VLOOKUP(GN18,教师安排!$A:$Y,GN$2+1,FALSE),"") -> 李会玲 | GO19: =IFERROR(VLOOKUP(GO18,教师安排!$A:$Y,GO$2+1,FALSE),"") -> 姚来朋 | GP19: =IFERROR(VLOOKUP(GP18,教师安排!$A:$Y,GP$2+1,FALSE),"") -> 史振塞 | ... HE19: =IFERROR(VLOOKUP(HE18,教师安排!$A:$Y,HE$2+1,FALSE),"") | HG19: =IFERROR(VLOOKUP(HG18,教师安排!$A:$Y,HG$2+1,FALSE),"") | HH19: =IFERROR(VLOOKUP(HH18,教师安排!$A:$Y,HH$2+1,FALSE),"") | HI19: =IFERROR(VLOOKUP(HI18,教师安排!$A:$Y,HI$2+1,FALSE),"") | HJ19: =IFERROR(VLOOKUP(HJ18,教师安排!$A:$Y,HJ$2+1,FALSE),"") | HK19: =IFERROR(VLOOKUP(HK18,教师安排!$A:$Y,HK$2+1,FALSE),"") -> 杨彬 | HL19: =IFERROR(VLOOKUP(HL18,教师安排!$A:$Y,HL$2+1,FALSE),"") -> 宋开元 | HM19: =IFERROR(VLOOKUP(HM18,教师安排!$A:$Y,HM$2+1,FALSE),"") -> 姚来朋 | HN19: =IFERROR(VLOOKUP(HN18,教师安排!$A:$Y,HN$2+1,FALSE),"") -> 李雯 | ... IC19: =IFERROR(VLOOKUP(IC18,教师安排!$A:$Y,IC$2+1,FALSE),"") | IE19: =IFERROR(VLOOKUP(IE18,教师安排!$A:$Y,IE$2+1,FALSE),"") | IF19: =IFERROR(VLOOKUP(IF18,教师安排!$A:$Y,IF$2+1,FALSE),"") | IG19: =IFERROR(VLOOKUP(IG18,教师安排!$A:$Y,IG$2+1,FALSE),"") | IH19: =IFERROR(VLOOKUP(IH18,教师安排!$A:$Y,IH$2+1,FALSE),"") | II19: =IFERROR(VLOOKUP(II18,教师安排!$A:$Y,II$2+1,FALSE),"") -> 侯淑贤 | IJ19: =IFERROR(VLOOKUP(IJ18,教师安排!$A:$Y,IJ$2+1,FALSE),"") -> 李会玲 | IK19: =IFERROR(VLOOKUP(IK18,教师安排!$A:$Y,IK$2+1,FALSE),"") -> 杨彬 | IL19: =IFERROR(VLOOKUP(IL18,教师安排!$A:$Y,IL$2+1,FALSE),"") -> 史振塞 | ... JA19: =IFERROR(VLOOKUP(JA18,教师安排!$A:$Y,JA$2+1,FALSE),"") | JC19: =IFERROR(VLOOKUP(JC18,教师安排!$A:$Y,JC$2+1,FALSE),"") | JD19: =IFERROR(VLOOKUP(JD18,教师安排!$A:$Y,JD$2+1,FALSE),"") | JE19: =IFERROR(VLOOKUP(JE18,教师安排!$A:$Y,JE$2+1,FALSE),"") | JF19: =IFERROR(VLOOKUP(JF18,教师安排!$A:$Y,JF$2+1,FALSE),"") | JG19: =IFERROR(VLOOKUP(JG18,教师安排!$A:$Y,JG$2+1,FALSE),"") -> 李会玲 | JH19: =IFERROR(VLOOKUP(JH18,教师安排!$A:$Y,JH$2+1,FALSE),"") -> 岳/厉 | JI19: =IFERROR(VLOOKUP(JI18,教师安排!$A:$Y,JI$2+1,FALSE),"") -> 岳/厉 | JJ19: =IFERROR(VLOOKUP(JJ18,教师安排!$A:$Y,JJ$2+1,FALSE),"") -> 史振塞 | ... JY19: =IFERROR(VLOOKUP(JY18,教师安排!$A:$Y,JY$2+1,FALSE),"") -> 厉彦龙 | KA19: =IFERROR(VLOOKUP(KA18,教师安排!$A:$Y,KA$2+1,FALSE),"") | KB19: =IFERROR(VLOOKUP(KB18,教师安排!$A:$Y,KB$2+1,FALSE),"") | KC19: =IFERROR(VLOOKUP(KC18,教师安排!$A:$Y,KC$2+1,FALSE),"") | KD19: =IFERROR(VLOOKUP(KD18,教师安排!$A:$Y,KD$2+1,FALSE),"")
A20: 下 午 | B20: 午练
C21: =IFERROR(VLOOKUP(C20,教师安排!$A:$Y,C$2+1,FALSE),"") | D21: =IFERROR(VLOOKUP(D20,教师安排!$A:$Y,D$2+1,FALSE),"") | E21: =IFERROR(VLOOKUP(E20,教师安排!$A:$Y,E$2+1,FALSE),"") | F21: =IFERROR(VLOOKUP(F20,教师安排!$A:$Y,F$2+1,FALSE),"") | G21: =IFERROR(VLOOKUP(G20,教师安排!$A:$Y,G$2+1,FALSE),"") | H21: =IFERROR(VLOOKUP(H20,教师安排!$A:$Y,H$2+1,FALSE),"") | I21: =IFERROR(VLOOKUP(I20,教师安排!$A:$Y,I$2+1,FALSE),"") | J21: =IFERROR(VLOOKUP(J20,教师安排!$A:$Y,J$2+1,FALSE),"") | ... Q21: =IFERROR(VLOOKUP(Q20,教师安排!$A:$Y,Q$2+1,FALSE),"") | AA21: =IFERROR(VLOOKUP(AA20,教师安排!$A:$Y,AA$2+1,FALSE),"") | AB21: =IFERROR(VLOOKUP(AB20,教师安排!$A:$Y,AB$2+1,FALSE),"") | AC21: =IFERROR(VLOOKUP(AC20,教师安排!$A:$Y,AC$2+1,FALSE),"") | AD21: =IFERROR(VLOOKUP(AD20,教师安排!$A:$Y,AD$2+1,FALSE),"") | AE21: =IFERROR(VLOOKUP(AE20,教师安排!$A:$Y,AE$2+1,FALSE),"") | AF21: =IFERROR(VLOOKUP(AF20,教师安排!$A:$Y,AF$2+1,FALSE),"") | AG21: =IFERROR(VLOOKUP(AG20,教师安排!$A:$Y,AG$2+1,FALSE),"") | AH21: =IFERROR(VLOOKUP(AH20,教师安排!$A:$Y,AH$2+1,FALSE),"") | ... AO21: =IFERROR(VLOOKUP(AO20,教师安排!$A:$Y,AO$2+1,FALSE),"") | AY21: =IFERROR(VLOOKUP(AY20,教师安排!$A:$Y,AY$2+1,FALSE),"") | AZ21: =IFERROR(VLOOKUP(AZ20,教师安排!$A:$Y,AZ$2+1,FALSE),"") | BA21: =IFERROR(VLOOKUP(BA20,教师安排!$A:$Y,BA$2+1,FALSE),"") | BB21: =IFERROR(VLOOKUP(BB20,教师安排!$A:$Y,BB$2+1,FALSE),"") | BC21: =IFERROR(VLOOKUP(BC20,教师安排!$A:$Y,BC$2+1,FALSE),"") | BD21: =IFERROR(VLOOKUP(BD20,教师安排!$A:$Y,BD$2+1,FALSE),"") | BE21: =IFERROR(VLOOKUP(BE20,教师安排!$A:$Y,BE$2+1,FALSE),"") | BF21: =IFERROR(VLOOKUP(BF20,教师安排!$A:$Y,BF$2+1,FALSE),"") | ... BM21: =IFERROR(VLOOKUP(BM20,教师安排!$A:$Y,BM$2+1,FALSE),"") | BW21: =IFERROR(VLOOKUP(BW20,教师安排!$A:$Y,BW$2+1,FALSE),"") | BX21: =IFERROR(VLOOKUP(BX20,教师安排!$A:$Y,BX$2+1,FALSE),"") | BY21: =IFERROR(VLOOKUP(BY20,教师安排!$A:$Y,BY$2+1,FALSE),"") | BZ21: =IFERROR(VLOOKUP(BZ20,教师安排!$A:$Y,BZ$2+1,FALSE),"") | CA21: =IFERROR(VLOOKUP(CA20,教师安排!$A:$Y,CA$2+1,FALSE),"") | CB21: =IFERROR(VLOOKUP(CB20,教师安排!$A:$Y,CB$2+1,FALSE),"") | CC21: =IFERROR(VLOOKUP(CC20,教师安排!$A:$Y,CC$2+1,FALSE),"") | CD21: =IFERROR(VLOOKUP(CD20,教师安排!$A:$Y,CD$2+1,FALSE),"") | ... CK21: =IFERROR(VLOOKUP(CK20,教师安排!$A:$Y,CK$2+1,FALSE),"") | CU21: =IFERROR(VLOOKUP(CU20,教师安排!$A:$Y,CU$2+1,FALSE),"") | CV21: =IFERROR(VLOOKUP(CV20,教师安排!$A:$Y,CV$2+1,FALSE),"") | CW21: =IFERROR(VLOOKUP(CW20,教师安排!$A:$Y,CW$2+1,FALSE),"") | CX21: =IFERROR(VLOOKUP(CX20,教师安排!$A:$Y,CX$2+1,FALSE),"") | CY21: =IFERROR(VLOOKUP(CY20,教师安排!$A:$Y,CY$2+1,FALSE),"") | CZ21: =IFERROR(VLOOKUP(CZ20,教师安排!$A:$Y,CZ$2+1,FALSE),"") | DA21: =IFERROR(VLOOKUP(DA20,教师安排!$A:$Y,DA$2+1,FALSE),"") | DB21: =IFERROR(VLOOKUP(DB20,教师安排!$A:$Y,DB$2+1,FALSE),"") | ... DI21: =IFERROR(VLOOKUP(DI20,教师安排!$A:$Y,DI$2+1,FALSE),"") | DS21: =IFERROR(VLOOKUP(DS20,教师安排!$A:$Y,DS$2+1,FALSE),"") | DT21: =IFERROR(VLOOKUP(DT20,教师安排!$A:$Y,DT$2+1,FALSE),"") | DU21: =IFERROR(VLOOKUP(DU20,教师安排!$A:$Y,DU$2+1,FALSE),"") | DV21: =IFERROR(VLOOKUP(DV20,教师安排!$A:$Y,DV$2+1,FALSE),"") | DW21: =IFERROR(VLOOKUP(DW20,教师安排!$A:$Y,DW$2+1,FALSE),"") | DX21: =IFERROR(VLOOKUP(DX20,教师安排!$A:$Y,DX$2+1,FALSE),"") | DY21: =IFERROR(VLOOKUP(DY20,教师安排!$A:$Y,DY$2+1,FALSE),"") | DZ21: =IFERROR(VLOOKUP(DZ20,教师安排!$A:$Y,DZ$2+1,FALSE),"") | ... EG21: =IFERROR(VLOOKUP(EG20,教师安排!$A:$Y,EG$2+1,FALSE),"") | EQ21: =IFERROR(VLOOKUP(EQ20,教师安排!$A:$Y,EQ$2+1,FALSE),"") | ER21: =IFERROR(VLOOKUP(ER20,教师安排!$A:$Y,ER$2+1,FALSE),"") | ES21: =IFERROR(VLOOKUP(ES20,教师安排!$A:$Y,ES$2+1,FALSE),"") | ET21: =IFERROR(VLOOKUP(ET20,教师安排!$A:$Y,ET$2+1,FALSE),"") | EU21: =IFERROR(VLOOKUP(EU20,教师安排!$A:$Y,EU$2+1,FALSE),"") | EV21: =IFERROR(VLOOKUP(EV20,教师安排!$A:$Y,EV$2+1,FALSE),"") | EW21: =IFERROR(VLOOKUP(EW20,教师安排!$A:$Y,EW$2+1,FALSE),"") | EX21: =IFERROR(VLOOKUP(EX20,教师安排!$A:$Y,EX$2+1,FALSE),"") | ... FE21: =IFERROR(VLOOKUP(FE20,教师安排!$A:$Y,FE$2+1,FALSE),"") | FO21: =IFERROR(VLOOKUP(FO20,教师安排!$A:$Y,FO$2+1,FALSE),"") | FP21: =IFERROR(VLOOKUP(FP20,教师安排!$A:$Y,FP$2+1,FALSE),"") | FQ21: =IFERROR(VLOOKUP(FQ20,教师安排!$A:$Y,FQ$2+1,FALSE),"") | FR21: =IFERROR(VLOOKUP(FR20,教师安排!$A:$Y,FR$2+1,FALSE),"") | FS21: =IFERROR(VLOOKUP(FS20,教师安排!$A:$Y,FS$2+1,FALSE),"") | FT21: =IFERROR(VLOOKUP(FT20,教师安排!$A:$Y,FT$2+1,FALSE),"") | FU21: =IFERROR(VLOOKUP(FU20,教师安排!$A:$Y,FU$2+1,FALSE),"") | FV21: =IFERROR(VLOOKUP(FV20,教师安排!$A:$Y,FV$2+1,FALSE),"") | ... GC21: =IFERROR(VLOOKUP(GC20,教师安排!$A:$Y,GC$2+1,FALSE),"") | GM21: =IFERROR(VLOOKUP(GM20,教师安排!$A:$Y,GM$2+1,FALSE),"") | GN21: =IFERROR(VLOOKUP(GN20,教师安排!$A:$Y,GN$2+1,FALSE),"") | GO21: =IFERROR(VLOOKUP(GO20,教师安排!$A:$Y,GO$2+1,FALSE),"") | GP21: =IFERROR(VLOOKUP(GP20,教师安排!$A:$Y,GP$2+1,FALSE),"") | GQ21: =IFERROR(VLOOKUP(GQ20,教师安排!$A:$Y,GQ$2+1,FALSE),"") | GR21: =IFERROR(VLOOKUP(GR20,教师安排!$A:$Y,GR$2+1,FALSE),"") | GS21: =IFERROR(VLOOKUP(GS20,教师安排!$A:$Y,GS$2+1,FALSE),"") | GT21: =IFERROR(VLOOKUP(GT20,教师安排!$A:$Y,GT$2+1,FALSE),"") | ... HA21: =IFERROR(VLOOKUP(HA20,教师安排!$A:$Y,HA$2+1,FALSE),"") | HK21: =IFERROR(VLOOKUP(HK20,教师安排!$A:$Y,HK$2+1,FALSE),"") | HL21: =IFERROR(VLOOKUP(HL20,教师安排!$A:$Y,HL$2+1,FALSE),"") | HM21: =IFERROR(VLOOKUP(HM20,教师安排!$A:$Y,HM$2+1,FALSE),"") | HN21: =IFERROR(VLOOKUP(HN20,教师安排!$A:$Y,HN$2+1,FALSE),"") | HO21: =IFERROR(VLOOKUP(HO20,教师安排!$A:$Y,HO$2+1,FALSE),"") | HP21: =IFERROR(VLOOKUP(HP20,教师安排!$A:$Y,HP$2+1,FALSE),"") | HQ21: =IFERROR(VLOOKUP(HQ20,教师安排!$A:$Y,HQ$2+1,FALSE),"") | HR21: =IFERROR(VLOOKUP(HR20,教师安排!$A:$Y,HR$2+1,FALSE),"") | ... HY21: =IFERROR(VLOOKUP(HY20,教师安排!$A:$Y,HY$2+1,FALSE),"") | II21: =IFERROR(VLOOKUP(II20,教师安排!$A:$Y,II$2+1,FALSE),"") | IJ21: =IFERROR(VLOOKUP(IJ20,教师安排!$A:$Y,IJ$2+1,FALSE),"") | IK21: =IFERROR(VLOOKUP(IK20,教师安排!$A:$Y,IK$2+1,FALSE),"") | IL21: =IFERROR(VLOOKUP(IL20,教师安排!$A:$Y,IL$2+1,FALSE),"") | IM21: =IFERROR(VLOOKUP(IM20,教师安排!$A:$Y,IM$2+1,FALSE),"") | IN21: =IFERROR(VLOOKUP(IN20,教师安排!$A:$Y,IN$2+1,FALSE),"") | IO21: =IFERROR(VLOOKUP(IO20,教师安排!$A:$Y,IO$2+1,FALSE),"") | IP21: =IFERROR(VLOOKUP(IP20,教师安排!$A:$Y,IP$2+1,FALSE),"") | ... IW21: =IFERROR(VLOOKUP(IW20,教师安排!$A:$Y,IW$2+1,FALSE),"") | JG21: =IFERROR(VLOOKUP(JG20,教师安排!$A:$Y,JG$2+1,FALSE),"") | JH21: =IFERROR(VLOOKUP(JH20,教师安排!$A:$Y,JH$2+1,FALSE),"") | JI21: =IFERROR(VLOOKUP(JI20,教师安排!$A:$Y,JI$2+1,FALSE),"") | JJ21: =IFERROR(VLOOKUP(JJ20,教师安排!$A:$Y,JJ$2+1,FALSE),"") | JK21: =IFERROR(VLOOKUP(JK20,教师安排!$A:$Y,JK$2+1,FALSE),"") | JL21: =IFERROR(VLOOKUP(JL20,教师安排!$A:$Y,JL$2+1,FALSE),"") | JM21: =IFERROR(VLOOKUP(JM20,教师安排!$A:$Y,JM$2+1,FALSE),"") | JN21: =IFERROR(VLOOKUP(JN20,教师安排!$A:$Y,JN$2+1,FALSE),"") | ... JU21: =IFERROR(VLOOKUP(JU20,教师安排!$A:$Y,JU$2+1,FALSE),"")
B22: 1 | C22: 数学 | D22: 外语 | E22: 外语 | F22: 地理 | G22: 语文 | H22: 生物 | I22: 语文 | J22: 数学 | K22: 外语 | L22: 外语 | M22: 语文 | N22: 美术集训 | O22: 体育 | P22: 地理 | Q22: 通用 | S22: 英语 | U22: 俄语 | AA22: 语文 | AB22: 政治 | AC22: 历史 | AD22: 体育训练 | AE22: 数学 | AF22: 生物 | AG22: 体育 | AH22: 体育 | AI22: 信息 | AJ22: 语文 | AK22: 政治 | AL22: 美术集训 | AM22: 历史 | AN22: 政治 | AO22: 语文 | AY22: 地理 | AZ22: 语文 | BA22: 历史 | BB22: 体育 | BC22: 信息 | BD22: 信息 | BE22: 地理 | BF22: 数学 | BG22: 语文 | BH22: 数学 | BI22: 语文 | BJ22: 美术集训 | BK22: 地理 | BL22: 政治 | BM22: 体育 | BW22: 生物 | BX22: 历史 | BY22: 地理 | BZ22: 体育训练 | CA22: 外语 | CB22: 物理 | CC22: 外语 | CD22: 外语 | CE22: 体育 | CF22: 地理 | CG22: 数学 | CH22: 美术集训 | CI22: 地理 | CJ22: 信息 | CK22: 信息 | CU22: 生物 | CV22: 体育 | CW22: 美术 | CX22: 历史 | CY22: 生物 | CZ22: 物理 | DA22: 地理 | DB22: 地理 | DC22: 地理 | DD22: 体育 | DE22: 语文 | DF22: 美术集训 | DG22: 通用 | DH22: 政治 | DI22: 体育 | DS22: 生物 | DT22: 地理 | DU22: 政治 | DV22: 历史 | DW22: 数学 | DX22: 数学 | DY22: 物理 | DZ22: 化学 | EA22: 语文 | EB22: 数学 | EC22: 历史 | ED22: 美术集训 | EE22: 地理 | EF22: 历史 | EG22: 语文 | EQ22: 语文 | ER22: 外语 | ES22: 外语 | ET22: 语文 | EU22: 生物 | EV22: 化学 | EW22: 地理 | EX22: 物理 | EY22: 外语 | EZ22: 生物 | FA22: 语文 | FB22: 美术集训 | FC22: 地理 | FD22: 政治 | FE22: 政治 | FG22: 英语 | FI22: 俄语 | FO22: 数学 | FP22: 外语 | FQ22: 外语 | FR22: 地理 | FS22: 语文 | FT22: 生物 | FU22: 语文 | FV22: 数学 | FW22: 外语 | FX22: 外语 | FY22: 语文 | FZ22: 美术集训 | GA22: 体育 | GB22: 地理 | GC22: 通用 | GE22: 英语 | GG22: 俄语 | GM22: 语文 | GN22: 政治 | GO22: 历史 | GP22: 体育训练 | GQ22: 数学 | GR22: 生物 | GS22: 体育 | GT22: 体育 | GU22: 信息 | GV22: 语文 | GW22: 政治 | GX22: 美术集训 | GY22: 历史 | GZ22: 政治 | HA22: 语文 | HK22: 地理 | HL22: 语文 | HM22: 历史 | HN22: 体育 | HO22: 信息 | HP22: 信息 | HQ22: 地理 | HR22: 数学 | HS22: 语文 | HT22: 数学 | HU22: 语文 | HV22: 美术集训 | HW22: 地理 | HX22: 政治 | HY22: 体育 | II22: 生物 | IJ22: 历史 | IK22: 地理 | IL22: 体育训练 | IM22: 外语 | IN22: 物理 | IO22: 外语 | IP22: 外语 | IQ22: 体育 | IR22: 地理 | IS22: 数学 | IT22: 美术集训 | IU22: 地理 | IV22: 信息 | IW22: 信息 | JG22: 生物 | JH22: 体育 | JI22: 美术 | JJ22: 历史 | JK22: 生物 | JL22: 物理 | JM22: 地理 | JN22: 体育 | JO22: 地理 | JP22: 生物 | JQ22: 语文 | JR22: 美术集训 | JS22: 通用 | JT22: 政治 | JU22: 体育
C23: =IFERROR(VLOOKUP(C22,教师安排!$A:$Y,C$2+1,FALSE),"") -> 侯淑贤 | D23: =IFERROR(VLOOKUP(D22,教师安排!$A:$Y,D$2+1,FALSE),"") -> 岳/厉 | E23: =IFERROR(VLOOKUP(E22,教师安排!$A:$Y,E$2+1,FALSE),"") -> 岳/厉 | F23: =IFERROR(VLOOKUP(F22,教师安排!$A:$Y,F$2+1,FALSE),"") -> 李会玲 | G23: =IFERROR(VLOOKUP(G22,教师安排!$A:$Y,G$2+1,FALSE),"") -> 张冰雪 | H23: =IFERROR(VLOOKUP(H22,教师安排!$A:$Y,H$2+1,FALSE),"") -> 蒋心言 | I23: =IFERROR(VLOOKUP(I22,教师安排!$A:$Y,I$2+1,FALSE),"") -> 王雪莲 | J23: =IFERROR(VLOOKUP(J22,教师安排!$A:$Y,J$2+1,FALSE),"") -> 高文凤 | ... U23: =IFERROR(VLOOKUP(U22,教师安排!$A:$Y,U$2+1,FALSE),"") -> 厉彦龙 | W23: =IFERROR(VLOOKUP(W22,教师安排!$A:$Y,W$2+1,FALSE),"") | X23: =IFERROR(VLOOKUP(X22,教师安排!$A:$Y,X$2+1,FALSE),"") | Y23: =IFERROR(VLOOKUP(Y22,教师安排!$A:$Y,Y$2+1,FALSE),"") | Z23: =IFERROR(VLOOKUP(Z22,教师安排!$A:$Y,Z$2+1,FALSE),"") | AA23: =IFERROR(VLOOKUP(AA22,教师安排!$A:$Y,AA$2+1,FALSE),"") -> 杨彬 | AB23: =IFERROR(VLOOKUP(AB22,教师安排!$A:$Y,AB$2+1,FALSE),"") -> 刘珊珊 | AC23: =IFERROR(VLOOKUP(AC22,教师安排!$A:$Y,AC$2+1,FALSE),"") -> 李雯 | AD23: =IFERROR(VLOOKUP(AD22,教师安排!$A:$Y,AD$2+1,FALSE),"") -> 0 | ... AS23: =IFERROR(VLOOKUP(AS22,教师安排!$A:$Y,AS$2+1,FALSE),"") | AU23: =IFERROR(VLOOKUP(AU22,教师安排!$A:$Y,AU$2+1,FALSE),"") | AV23: =IFERROR(VLOOKUP(AV22,教师安排!$A:$Y,AV$2+1,FALSE),"") | AW23: =IFERROR(VLOOKUP(AW22,教师安排!$A:$Y,AW$2+1,FALSE),"") | AX23: =IFERROR(VLOOKUP(AX22,教师安排!$A:$Y,AX$2+1,FALSE),"") | AY23: =IFERROR(VLOOKUP(AY22,教师安排!$A:$Y,AY$2+1,FALSE),"") -> 李会玲 | AZ23: =IFERROR(VLOOKUP(AZ22,教师安排!$A:$Y,AZ$2+1,FALSE),"") -> 史振塞 | BA23: =IFERROR(VLOOKUP(BA22,教师安排!$A:$Y,BA$2+1,FALSE),"") -> 李雯 | BB23: =IFERROR(VLOOKUP(BB22,教师安排!$A:$Y,BB$2+1,FALSE),"") -> 王庆超 | ... BQ23: =IFERROR(VLOOKUP(BQ22,教师安排!$A:$Y,BQ$2+1,FALSE),"") | BS23: =IFERROR(VLOOKUP(BS22,教师安排!$A:$Y,BS$2+1,FALSE),"") | BT23: =IFERROR(VLOOKUP(BT22,教师安排!$A:$Y,BT$2+1,FALSE),"") | BU23: =IFERROR(VLOOKUP(BU22,教师安排!$A:$Y,BU$2+1,FALSE),"") | BV23: =IFERROR(VLOOKUP(BV22,教师安排!$A:$Y,BV$2+1,FALSE),"") | BW23: =IFERROR(VLOOKUP(BW22,教师安排!$A:$Y,BW$2+1,FALSE),"") -> 周兴玲 | BX23: =IFERROR(VLOOKUP(BX22,教师安排!$A:$Y,BX$2+1,FALSE),"") -> 田凤美 | BY23: =IFERROR(VLOOKUP(BY22,教师安排!$A:$Y,BY$2+1,FALSE),"") -> 李会玲 | BZ23: =IFERROR(VLOOKUP(BZ22,教师安排!$A:$Y,BZ$2+1,FALSE),"") -> 0 | ... CP23: =IFERROR(VLOOKUP(CP22,教师安排!$A:$Y,CP$2+1,FALSE),"") | CR23: =IFERROR(VLOOKUP(CR22,教师安排!$A:$Y,CR$2+1,FALSE),"") | CS23: =IFERROR(VLOOKUP(CS22,教师安排!$A:$Y,CS$2+1,FALSE),"") | CT23: =IFERROR(VLOOKUP(CT22,教师安排!$A:$Y,CT$2+1,FALSE),"") | CU23: =IFERROR(VLOOKUP(CU22,教师安排!$A:$Y,CU$2+1,FALSE),"") -> 周兴玲 | CV23: =IFERROR(VLOOKUP(CV22,教师安排!$A:$Y,CV$2+1,FALSE),"") -> 王庆超 | CW23: =IFERROR(VLOOKUP(CW22,教师安排!$A:$Y,CW$2+1,FALSE),"") -> 张苏 | CX23: =IFERROR(VLOOKUP(CX22,教师安排!$A:$Y,CX$2+1,FALSE),"") -> 李雯 | CY23: =IFERROR(VLOOKUP(CY22,教师安排!$A:$Y,CY$2+1,FALSE),"") -> 刘腾 | ... DM23: =IFERROR(VLOOKUP(DM22,教师安排!$A:$Y,DM$2+1,FALSE),"") | DO23: =IFERROR(VLOOKUP(DO22,教师安排!$A:$Y,DO$2+1,FALSE),"") | DP23: =IFERROR(VLOOKUP(DP22,教师安排!$A:$Y,DP$2+1,FALSE),"") | DQ23: =IFERROR(VLOOKUP(DQ22,教师安排!$A:$Y,DQ$2+1,FALSE),"") | DR23: =IFERROR(VLOOKUP(DR22,教师安排!$A:$Y,DR$2+1,FALSE),"") | DS23: =IFERROR(VLOOKUP(DS22,教师安排!$A:$Y,DS$2+1,FALSE),"") -> 周兴玲 | DT23: =IFERROR(VLOOKUP(DT22,教师安排!$A:$Y,DT$2+1,FALSE),"") -> 李会玲 | DU23: =IFERROR(VLOOKUP(DU22,教师安排!$A:$Y,DU$2+1,FALSE),"") -> 张雯皓 | DV23: =IFERROR(VLOOKUP(DV22,教师安排!$A:$Y,DV$2+1,FALSE),"") -> 李雯 | ... EK23: =IFERROR(VLOOKUP(EK22,教师安排!$A:$Y,EK$2+1,FALSE),"") | EM23: =IFERROR(VLOOKUP(EM22,教师安排!$A:$Y,EM$2+1,FALSE),"") | EN23: =IFERROR(VLOOKUP(EN22,教师安排!$A:$Y,EN$2+1,FALSE),"") | EO23: =IFERROR(VLOOKUP(EO22,教师安排!$A:$Y,EO$2+1,FALSE),"") | EP23: =IFERROR(VLOOKUP(EP22,教师安排!$A:$Y,EP$2+1,FALSE),"") | EQ23: =IFERROR(VLOOKUP(EQ22,教师安排!$A:$Y,EQ$2+1,FALSE),"") -> 杨彬 | ER23: =IFERROR(VLOOKUP(ER22,教师安排!$A:$Y,ER$2+1,FALSE),"") -> 岳/厉 | ES23: =IFERROR(VLOOKUP(ES22,教师安排!$A:$Y,ES$2+1,FALSE),"") -> 岳/厉 | ET23: =IFERROR(VLOOKUP(ET22,教师安排!$A:$Y,ET$2+1,FALSE),"") -> 史振塞 | ... FI23: =IFERROR(VLOOKUP(FI22,教师安排!$A:$Y,FI$2+1,FALSE),"") -> 厉彦龙 | FK23: =IFERROR(VLOOKUP(FK22,教师安排!$A:$Y,FK$2+1,FALSE),"") | FL23: =IFERROR(VLOOKUP(FL22,教师安排!$A:$Y,FL$2+1,FALSE),"") | FM23: =IFERROR(VLOOKUP(FM22,教师安排!$A:$Y,FM$2+1,FALSE),"") | FN23: =IFERROR(VLOOKUP(FN22,教师安排!$A:$Y,FN$2+1,FALSE),"") | FO23: =IFERROR(VLOOKUP(FO22,教师安排!$A:$Y,FO$2+1,FALSE),"") -> 侯淑贤 | FP23: =IFERROR(VLOOKUP(FP22,教师安排!$A:$Y,FP$2+1,FALSE),"") -> 岳/厉 | FQ23: =IFERROR(VLOOKUP(FQ22,教师安排!$A:$Y,FQ$2+1,FALSE),"") -> 岳/厉 | FR23: =IFERROR(VLOOKUP(FR22,教师安排!$A:$Y,FR$2+1,FALSE),"") -> 李会玲 | ... GG23: =IFERROR(VLOOKUP(GG22,教师安排!$A:$Y,GG$2+1,FALSE),"") -> 厉彦龙 | GI23: =IFERROR(VLOOKUP(GI22,教师安排!$A:$Y,GI$2+1,FALSE),"") | GJ23: =IFERROR(VLOOKUP(GJ22,教师安排!$A:$Y,GJ$2+1,FALSE),"") | GK23: =IFERROR(VLOOKUP(GK22,教师安排!$A:$Y,GK$2+1,FALSE),"") | GL23: =IFERROR(VLOOKUP(GL22,教师安排!$A:$Y,GL$2+1,FALSE),"") | GM23: =IFERROR(VLOOKUP(GM22,教师安排!$A:$Y,GM$2+1,FALSE),"") -> 杨彬 | GN23: =IFERROR(VLOOKUP(GN22,教师安排!$A:$Y,GN$2+1,FALSE),"") -> 刘珊珊 | GO23: =IFERROR(VLOOKUP(GO22,教师安排!$A:$Y,GO$2+1,FALSE),"") -> 李雯 | GP23: =IFERROR(VLOOKUP(GP22,教师安排!$A:$Y,GP$2+1,FALSE),"") -> 0 | ... HE23: =IFERROR(VLOOKUP(HE22,教师安排!$A:$Y,HE$2+1,FALSE),"") | HG23: =IFERROR(VLOOKUP(HG22,教师安排!$A:$Y,HG$2+1,FALSE),"") | HH23: =IFERROR(VLOOKUP(HH22,教师安排!$A:$Y,HH$2+1,FALSE),"") | HI23: =IFERROR(VLOOKUP(HI22,教师安排!$A:$Y,HI$2+1,FALSE),"") | HJ23: =IFERROR(VLOOKUP(HJ22,教师安排!$A:$Y,HJ$2+1,FALSE),"") | HK23: =IFERROR(VLOOKUP(HK22,教师安排!$A:$Y,HK$2+1,FALSE),"") -> 李会玲 | HL23: =IFERROR(VLOOKUP(HL22,教师安排!$A:$Y,HL$2+1,FALSE),"") -> 史振塞 | HM23: =IFERROR(VLOOKUP(HM22,教师安排!$A:$Y,HM$2+1,FALSE),"") -> 李雯 | HN23: =IFERROR(VLOOKUP(HN22,教师安排!$A:$Y,HN$2+1,FALSE),"") -> 王庆超 | ... IC23: =IFERROR(VLOOKUP(IC22,教师安排!$A:$Y,IC$2+1,FALSE),"") | IE23: =IFERROR(VLOOKUP(IE22,教师安排!$A:$Y,IE$2+1,FALSE),"") | IF23: =IFERROR(VLOOKUP(IF22,教师安排!$A:$Y,IF$2+1,FALSE),"") | IG23: =IFERROR(VLOOKUP(IG22,教师安排!$A:$Y,IG$2+1,FALSE),"") | IH23: =IFERROR(VLOOKUP(IH22,教师安排!$A:$Y,IH$2+1,FALSE),"") | II23: =IFERROR(VLOOKUP(II22,教师安排!$A:$Y,II$2+1,FALSE),"") -> 周兴玲 | IJ23: =IFERROR(VLOOKUP(IJ22,教师安排!$A:$Y,IJ$2+1,FALSE),"") -> 田凤美 | IK23: =IFERROR(VLOOKUP(IK22,教师安排!$A:$Y,IK$2+1,FALSE),"") -> 李会玲 | IL23: =IFERROR(VLOOKUP(IL22,教师安排!$A:$Y,IL$2+1,FALSE),"") -> 0 | ... JA23: =IFERROR(VLOOKUP(JA22,教师安排!$A:$Y,JA$2+1,FALSE),"") | JC23: =IFERROR(VLOOKUP(JC22,教师安排!$A:$Y,JC$2+1,FALSE),"") | JD23: =IFERROR(VLOOKUP(JD22,教师安排!$A:$Y,JD$2+1,FALSE),"") | JE23: =IFERROR(VLOOKUP(JE22,教师安排!$A:$Y,JE$2+1,FALSE),"") | JF23: =IFERROR(VLOOKUP(JF22,教师安排!$A:$Y,JF$2+1,FALSE),"") | JG23: =IFERROR(VLOOKUP(JG22,教师安排!$A:$Y,JG$2+1,FALSE),"") -> 周兴玲 | JH23: =IFERROR(VLOOKUP(JH22,教师安排!$A:$Y,JH$2+1,FALSE),"") -> 王庆超 | JI23: =IFERROR(VLOOKUP(JI22,教师安排!$A:$Y,JI$2+1,FALSE),"") -> 张苏 | JJ23: =IFERROR(VLOOKUP(JJ22,教师安排!$A:$Y,JJ$2+1,FALSE),"") -> 李雯 | ... JY23: =IFERROR(VLOOKUP(JY22,教师安排!$A:$Y,JY$2+1,FALSE),"") | KA23: =IFERROR(VLOOKUP(KA22,教师安排!$A:$Y,KA$2+1,FALSE),"") | KB23: =IFERROR(VLOOKUP(KB22,教师安排!$A:$Y,KB$2+1,FALSE),"") | KC23: =IFERROR(VLOOKUP(KC22,教师安排!$A:$Y,KC$2+1,FALSE),"") | KD23: =IFERROR(VLOOKUP(KD22,教师安排!$A:$Y,KD$2+1,FALSE),"")
B24: 2 | C24: 外语 | D24: 数学 | E24: 语文 | F24: 外语 | G24: 数学 | H24: 语文 | I24: 数学 | J24: 语文 | K24: 地理 | L24: 地理 | M24: 地理 | N24: 美术集训 | O24: 语文 | P24: 通用 | Q24: 数学 | R24: 英语 | T24: 俄语 | AA24: 数学 | AB24: 外语 | AC24: 外语 | AD24: 体育训练 | AE24: 语文 | AF24: 语文 | AG24: 数学 | AH24: 数学 | AI24: 数学 | AJ24: 生物 | AK24: 政治 | AL24: 美术集训 | AM24: 通用 | AN24: 数学 | AO24: 政治 | AQ24: 英语 | AS24: 俄语 | AY24: 语文 | AZ24: 外语 | BA24: 外语 | BB24: 体育 | BC24: 物理 | BD24: 数学 | BE24: 地理 | BF24: 外语 | BG24: 语文 | BH24: 数学 | BI24: 信息 | BJ24: 美术集训 | BK24: 历史 | BL24: 政治 | BM24: 数学 | BO24: 英语 | BP24: 俄语 | BW24: 化学 | BX24: 政治 | BY24: 生物 | BZ24: 体育训练 | CA24: 通用 | CB24: 外语 | CC24: 外语 | CD24: 外语 | CE24: 生物 | CF24: 数学 | CG24: 政治 | CH24: 美术集训 | CI24: 历史 | CJ24: 政治 | CK24: 数学 | CU24: 政治 | CV24: 化学 | CW24: 历史 | CX24: 生物 | CY24: 生物 | CZ24: 物理 | DA24: 信息 | DB24: 物理 | DC24: 数学 | DD24: 历史 | DE24: 数学 | DF24: 美术集训 | DG24: 历史 | DH24: 政治 | DI24: 地理 | DS24: 地理 | DT24: 政治 | DU24: 历史 | DV24: 生物 | DW24: 数学 | DX24: 数学 | DY24: 物理 | DZ24: 数学 | EA24: 地理 | EB24: 历史 | EC24: 历史 | ED24: 美术集训 | EE24: 政治 | EF24: 地理 | EG24: 语文 | EQ24: 外语 | ER24: 政治 | ES24: 语文 | ET24: 外语 | EU24: 生物 | EV24: 化学 | EW24: 地理 | EX24: 物理 | EY24: 外语 | EZ24: 生物 | FA24: 语文 | FB24: 美术集训 | FC24: 地理 | FD24: 政治 | FE24: 政治 | FF24: 英语 | FH24: 俄语 | FO24: 外语 | FP24: 数学 | FQ24: 语文 | FR24: 外语 | FS24: 数学 | FT24: 语文 | FU24: 数学 | FV24: 语文 | FW24: 地理 | FX24: 地理 | FY24: 地理 | FZ24: 美术集训 | GA24: 语文 | GB24: 通用 | GC24: 数学 | GD24: 英语 | GF24: 俄语 | GM24: 数学 | GN24: 外语 | GO24: 外语 | GP24: 体育训练 | GQ24: 语文 | GR24: 语文 | GS24: 数学 | GT24: 化学 | GU24: 数学 | GV24: 生物 | GW24: 政治 | GX24: 美术集训 | GY24: 通用 | GZ24: 数学 | HA24: 政治 | HC24: 英语 | HE24: 俄语 | HK24: 语文 | HL24: 外语 | HM24: 外语 | HN24: 体育 | HO24: 物理 | HP24: 数学 | HQ24: 地理 | HR24: 外语 | HS24: 语文 | HT24: 数学 | HU24: 信息 | HV24: 美术集训 | HW24: 历史 | HX24: 政治 | HY24: 数学 | IA24: 英语 | IC24: 俄语 | II24: 化学 | IJ24: 政治 | IK24: 生物 | IL24: 体育训练 | IM24: 通用 | IN24: 外语 | IO24: 外语 | IP24: 外语 | IQ24: 生物 | IR24: 数学 | IS24: 地理 | IT24: 美术集训 | IU24: 历史 | IV24: 政治 | IW24: 数学 | JG24: 美术 | JH24: 化学 | JI24: 历史 | JJ24: 生物 | JK24: 生物 | JL24: 物理 | JM24: 信息 | JN24: 物理 | JO24: 数学 | JP24: 历史 | JQ24: 数学 | JR24: 美术集训 | JS24: 历史 | JT24: 政治 | JU24: 地理
C25: =IFERROR(VLOOKUP(C24,教师安排!$A:$Y,C$2+1,FALSE),"") -> 岳/厉 | D25: =IFERROR(VLOOKUP(D24,教师安排!$A:$Y,D$2+1,FALSE),"") -> 姚来朋 | E25: =IFERROR(VLOOKUP(E24,教师安排!$A:$Y,E$2+1,FALSE),"") -> 杨彬 | F25: =IFERROR(VLOOKUP(F24,教师安排!$A:$Y,F$2+1,FALSE),"") -> 岳/厉 | G25: =IFERROR(VLOOKUP(G24,教师安排!$A:$Y,G$2+1,FALSE),"") -> 赵雪敏 | H25: =IFERROR(VLOOKUP(H24,教师安排!$A:$Y,H$2+1,FALSE),"") -> 姜媛媛 | I25: =IFERROR(VLOOKUP(I24,教师安排!$A:$Y,I$2+1,FALSE),"") -> 范林林 | J25: =IFERROR(VLOOKUP(J24,教师安排!$A:$Y,J$2+1,FALSE),"") -> 路睿 | ... U25: =IFERROR(VLOOKUP(U24,教师安排!$A:$Y,U$2+1,FALSE),"") | W25: =IFERROR(VLOOKUP(W24,教师安排!$A:$Y,W$2+1,FALSE),"") | X25: =IFERROR(VLOOKUP(X24,教师安排!$A:$Y,X$2+1,FALSE),"") | Y25: =IFERROR(VLOOKUP(Y24,教师安排!$A:$Y,Y$2+1,FALSE),"") | Z25: =IFERROR(VLOOKUP(Z24,教师安排!$A:$Y,Z$2+1,FALSE),"") | AA25: =IFERROR(VLOOKUP(AA24,教师安排!$A:$Y,AA$2+1,FALSE),"") -> 侯淑贤 | AB25: =IFERROR(VLOOKUP(AB24,教师安排!$A:$Y,AB$2+1,FALSE),"") -> 岳/厉 | AC25: =IFERROR(VLOOKUP(AC24,教师安排!$A:$Y,AC$2+1,FALSE),"") -> 岳/厉 | AD25: =IFERROR(VLOOKUP(AD24,教师安排!$A:$Y,AD$2+1,FALSE),"") -> 0 | ... AS25: =IFERROR(VLOOKUP(AS24,教师安排!$A:$Y,AS$2+1,FALSE),"") -> 厉彦龙 | AU25: =IFERROR(VLOOKUP(AU24,教师安排!$A:$Y,AU$2+1,FALSE),"") | AV25: =IFERROR(VLOOKUP(AV24,教师安排!$A:$Y,AV$2+1,FALSE),"") | AW25: =IFERROR(VLOOKUP(AW24,教师安排!$A:$Y,AW$2+1,FALSE),"") | AX25: =IFERROR(VLOOKUP(AX24,教师安排!$A:$Y,AX$2+1,FALSE),"") | AY25: =IFERROR(VLOOKUP(AY24,教师安排!$A:$Y,AY$2+1,FALSE),"") -> 杨彬 | AZ25: =IFERROR(VLOOKUP(AZ24,教师安排!$A:$Y,AZ$2+1,FALSE),"") -> 岳/厉 | BA25: =IFERROR(VLOOKUP(BA24,教师安排!$A:$Y,BA$2+1,FALSE),"") -> 岳/厉 | BB25: =IFERROR(VLOOKUP(BB24,教师安排!$A:$Y,BB$2+1,FALSE),"") -> 王庆超 | ... BQ25: =IFERROR(VLOOKUP(BQ24,教师安排!$A:$Y,BQ$2+1,FALSE),"") | BS25: =IFERROR(VLOOKUP(BS24,教师安排!$A:$Y,BS$2+1,FALSE),"") | BT25: =IFERROR(VLOOKUP(BT24,教师安排!$A:$Y,BT$2+1,FALSE),"") | BU25: =IFERROR(VLOOKUP(BU24,教师安排!$A:$Y,BU$2+1,FALSE),"") | BV25: =IFERROR(VLOOKUP(BV24,教师安排!$A:$Y,BV$2+1,FALSE),"") | BW25: =IFERROR(VLOOKUP(BW24,教师安排!$A:$Y,BW$2+1,FALSE),"") -> 马崇庆 | BX25: =IFERROR(VLOOKUP(BX24,教师安排!$A:$Y,BX$2+1,FALSE),"") -> 刘珊珊 | BY25: =IFERROR(VLOOKUP(BY24,教师安排!$A:$Y,BY$2+1,FALSE),"") -> 周兴玲 | BZ25: =IFERROR(VLOOKUP(BZ24,教师安排!$A:$Y,BZ$2+1,FALSE),"") -> 0 | ... CP25: =IFERROR(VLOOKUP(CP24,教师安排!$A:$Y,CP$2+1,FALSE),"") | CR25: =IFERROR(VLOOKUP(CR24,教师安排!$A:$Y,CR$2+1,FALSE),"") | CS25: =IFERROR(VLOOKUP(CS24,教师安排!$A:$Y,CS$2+1,FALSE),"") | CT25: =IFERROR(VLOOKUP(CT24,教师安排!$A:$Y,CT$2+1,FALSE),"") | CU25: =IFERROR(VLOOKUP(CU24,教师安排!$A:$Y,CU$2+1,FALSE),"") -> 刘珊珊 | CV25: =IFERROR(VLOOKUP(CV24,教师安排!$A:$Y,CV$2+1,FALSE),"") -> 宋开元 | CW25: =IFERROR(VLOOKUP(CW24,教师安排!$A:$Y,CW$2+1,FALSE),"") -> 李雯 | CX25: =IFERROR(VLOOKUP(CX24,教师安排!$A:$Y,CX$2+1,FALSE),"") -> 周兴玲 | CY25: =IFERROR(VLOOKUP(CY24,教师安排!$A:$Y,CY$2+1,FALSE),"") -> 刘腾 | ... DM25: =IFERROR(VLOOKUP(DM24,教师安排!$A:$Y,DM$2+1,FALSE),"") | DO25: =IFERROR(VLOOKUP(DO24,教师安排!$A:$Y,DO$2+1,FALSE),"") | DP25: =IFERROR(VLOOKUP(DP24,教师安排!$A:$Y,DP$2+1,FALSE),"") | DQ25: =IFERROR(VLOOKUP(DQ24,教师安排!$A:$Y,DQ$2+1,FALSE),"") | DR25: =IFERROR(VLOOKUP(DR24,教师安排!$A:$Y,DR$2+1,FALSE),"") | DS25: =IFERROR(VLOOKUP(DS24,教师安排!$A:$Y,DS$2+1,FALSE),"") -> 李会玲 | DT25: =IFERROR(VLOOKUP(DT24,教师安排!$A:$Y,DT$2+1,FALSE),"") -> 刘珊珊 | DU25: =IFERROR(VLOOKUP(DU24,教师安排!$A:$Y,DU$2+1,FALSE),"") -> 李雯 | DV25: =IFERROR(VLOOKUP(DV24,教师安排!$A:$Y,DV$2+1,FALSE),"") -> 周兴玲 | ... EK25: =IFERROR(VLOOKUP(EK24,教师安排!$A:$Y,EK$2+1,FALSE),"") | EM25: =IFERROR(VLOOKUP(EM24,教师安排!$A:$Y,EM$2+1,FALSE),"") | EN25: =IFERROR(VLOOKUP(EN24,教师安排!$A:$Y,EN$2+1,FALSE),"") | EO25: =IFERROR(VLOOKUP(EO24,教师安排!$A:$Y,EO$2+1,FALSE),"") | EP25: =IFERROR(VLOOKUP(EP24,教师安排!$A:$Y,EP$2+1,FALSE),"") | EQ25: =IFERROR(VLOOKUP(EQ24,教师安排!$A:$Y,EQ$2+1,FALSE),"") -> 岳/厉 | ER25: =IFERROR(VLOOKUP(ER24,教师安排!$A:$Y,ER$2+1,FALSE),"") -> 刘珊珊 | ES25: =IFERROR(VLOOKUP(ES24,教师安排!$A:$Y,ES$2+1,FALSE),"") -> 杨彬 | ET25: =IFERROR(VLOOKUP(ET24,教师安排!$A:$Y,ET$2+1,FALSE),"") -> 岳/厉 | ... FI25: =IFERROR(VLOOKUP(FI24,教师安排!$A:$Y,FI$2+1,FALSE),"") | FK25: =IFERROR(VLOOKUP(FK24,教师安排!$A:$Y,FK$2+1,FALSE),"") | FL25: =IFERROR(VLOOKUP(FL24,教师安排!$A:$Y,FL$2+1,FALSE),"") | FM25: =IFERROR(VLOOKUP(FM24,教师安排!$A:$Y,FM$2+1,FALSE),"") | FN25: =IFERROR(VLOOKUP(FN24,教师安排!$A:$Y,FN$2+1,FALSE),"") | FO25: =IFERROR(VLOOKUP(FO24,教师安排!$A:$Y,FO$2+1,FALSE),"") -> 岳/厉 | FP25: =IFERROR(VLOOKUP(FP24,教师安排!$A:$Y,FP$2+1,FALSE),"") -> 姚来朋 | FQ25: =IFERROR(VLOOKUP(FQ24,教师安排!$A:$Y,FQ$2+1,FALSE),"") -> 杨彬 | FR25: =IFERROR(VLOOKUP(FR24,教师安排!$A:$Y,FR$2+1,FALSE),"") -> 岳/厉 | ... GG25: =IFERROR(VLOOKUP(GG24,教师安排!$A:$Y,GG$2+1,FALSE),"") | GI25: =IFERROR(VLOOKUP(GI24,教师安排!$A:$Y,GI$2+1,FALSE),"") | GJ25: =IFERROR(VLOOKUP(GJ24,教师安排!$A:$Y,GJ$2+1,FALSE),"") | GK25: =IFERROR(VLOOKUP(GK24,教师安排!$A:$Y,GK$2+1,FALSE),"") | GL25: =IFERROR(VLOOKUP(GL24,教师安排!$A:$Y,GL$2+1,FALSE),"") | GM25: =IFERROR(VLOOKUP(GM24,教师安排!$A:$Y,GM$2+1,FALSE),"") -> 侯淑贤 | GN25: =IFERROR(VLOOKUP(GN24,教师安排!$A:$Y,GN$2+1,FALSE),"") -> 岳/厉 | GO25: =IFERROR(VLOOKUP(GO24,教师安排!$A:$Y,GO$2+1,FALSE),"") -> 岳/厉 | GP25: =IFERROR(VLOOKUP(GP24,教师安排!$A:$Y,GP$2+1,FALSE),"") -> 0 | ... HE25: =IFERROR(VLOOKUP(HE24,教师安排!$A:$Y,HE$2+1,FALSE),"") -> 厉彦龙 | HG25: =IFERROR(VLOOKUP(HG24,教师安排!$A:$Y,HG$2+1,FALSE),"") | HH25: =IFERROR(VLOOKUP(HH24,教师安排!$A:$Y,HH$2+1,FALSE),"") | HI25: =IFERROR(VLOOKUP(HI24,教师安排!$A:$Y,HI$2+1,FALSE),"") | HJ25: =IFERROR(VLOOKUP(HJ24,教师安排!$A:$Y,HJ$2+1,FALSE),"") | HK25: =IFERROR(VLOOKUP(HK24,教师安排!$A:$Y,HK$2+1,FALSE),"") -> 杨彬 | HL25: =IFERROR(VLOOKUP(HL24,教师安排!$A:$Y,HL$2+1,FALSE),"") -> 岳/厉 | HM25: =IFERROR(VLOOKUP(HM24,教师安排!$A:$Y,HM$2+1,FALSE),"") -> 岳/厉 | HN25: =IFERROR(VLOOKUP(HN24,教师安排!$A:$Y,HN$2+1,FALSE),"") -> 王庆超 | ... IC25: =IFERROR(VLOOKUP(IC24,教师安排!$A:$Y,IC$2+1,FALSE),"") -> 厉彦龙 | IE25: =IFERROR(VLOOKUP(IE24,教师安排!$A:$Y,IE$2+1,FALSE),"") | IF25: =IFERROR(VLOOKUP(IF24,教师安排!$A:$Y,IF$2+1,FALSE),"") | IG25: =IFERROR(VLOOKUP(IG24,教师安排!$A:$Y,IG$2+1,FALSE),"") | IH25: =IFERROR(VLOOKUP(IH24,教师安排!$A:$Y,IH$2+1,FALSE),"") | II25: =IFERROR(VLOOKUP(II24,教师安排!$A:$Y,II$2+1,FALSE),"") -> 马崇庆 | IJ25: =IFERROR(VLOOKUP(IJ24,教师安排!$A:$Y,IJ$2+1,FALSE),"") -> 刘珊珊 | IK25: =IFERROR(VLOOKUP(IK24,教师安排!$A:$Y,IK$2+1,FALSE),"") -> 周兴玲 | IL25: =IFERROR(VLOOKUP(IL24,教师安排!$A:$Y,IL$2+1,FALSE),"") -> 0 | ... JA25: =IFERROR(VLOOKUP(JA24,教师安排!$A:$Y,JA$2+1,FALSE),"") | JC25: =IFERROR(VLOOKUP(JC24,教师安排!$A:$Y,JC$2+1,FALSE),"") | JD25: =IFERROR(VLOOKUP(JD24,教师安排!$A:$Y,JD$2+1,FALSE),"") | JE25: =IFERROR(VLOOKUP(JE24,教师安排!$A:$Y,JE$2+1,FALSE),"") | JF25: =IFERROR(VLOOKUP(JF24,教师安排!$A:$Y,JF$2+1,FALSE),"") | JG25: =IFERROR(VLOOKUP(JG24,教师安排!$A:$Y,JG$2+1,FALSE),"") -> 张苏 | JH25: =IFERROR(VLOOKUP(JH24,教师安排!$A:$Y,JH$2+1,FALSE),"") -> 宋开元 | JI25: =IFERROR(VLOOKUP(JI24,教师安排!$A:$Y,JI$2+1,FALSE),"") -> 李雯 | JJ25: =IFERROR(VLOOKUP(JJ24,教师安排!$A:$Y,JJ$2+1,FALSE),"") -> 周兴玲 | ... JY25: =IFERROR(VLOOKUP(JY24,教师安排!$A:$Y,JY$2+1,FALSE),"") | KA25: =IFERROR(VLOOKUP(KA24,教师安排!$A:$Y,KA$2+1,FALSE),"") | KB25: =IFERROR(VLOOKUP(KB24,教师安排!$A:$Y,KB$2+1,FALSE),"") | KC25: =IFERROR(VLOOKUP(KC24,教师安排!$A:$Y,KC$2+1,FALSE),"") | KD25: =IFERROR(VLOOKUP(KD24,教师安排!$A:$Y,KD$2+1,FALSE),"")
B26: 大课间 | C26: 自习 | D26: 自习 | E26: 自习 | F26: 自习 | G26: 自习 | H26: 自习 | I26: 自习 | J26: 自习 | K26: 自习 | L26: 自习 | M26: 自习 | O26: 自习 | P26: 自习 | Q26: 自习 | AA26: 数学 | AB26: 数学 | AC26: 语文 | AD26: 语文 | AE26: 语文 | AF26: 语文 | AG26: 语文 | AH26: 语文 | AI26: 数学 | AJ26: 语文 | AK26: 数学 | AM26: 政治 | AN26: 数学 | AO26: 数学 | AY26: 语文 | AZ26: 语文 | BA26: 数学 | BB26: 数学 | BC26: 数学 | BD26: 数学 | BE26: 数学 | BF26: 数学 | BG26: 语文 | BH26: 数学 | BI26: 政治 | BK26: 语文 | BL26: 语文 | BM26: 语文 | BW26: 外语 | BX26: 政治 | BY26: 地理 | BZ26: 外语 | CA26: 外语 | CB26: 外语 | CC26: 外语 | CD26: 外语 | CE26: 生物 | CF26: 外语 | CG26: 历史 | CI26: 历史 | CJ26: 政治 | CK26: 政治 | CL26: 英语 | CN26: 俄语 | CU26: 物理 | CV26: 外语 | CW26: 外语 | CX26: 政治 | CY26: 物理 | CZ26: 化学 | DA26: 化学 | DB26: 化学 | DC26: 外语 | DD26: 生物 | DE26: 地理 | DG26: 外语 | DH26: 外语 | DI26: 外语 | DK26: 英语 | DM26: 俄语 | DO26: 俄语 | DP26: 英语 | DQ26: 英语 | DR26: 英语 | FO26: 自习 | FP26: 自习 | FQ26: 自习 | FR26: 自习 | FS26: 自习 | FT26: 自习 | FU26: 自习 | FV26: 自习 | FW26: 自习 | FX26: 自习 | FY26: 自习 | GA26: 自习 | GB26: 自习 | GC26: 自习 | GM26: 化学 | GN26: 历史 | GO26: 历史 | GP26: 地理 | GQ26: 化学 | GR26: 生物 | GS26: 地理 | GT26: 地理 | GU26: 地理 | GV26: 历史 | GW26: 语文 | GY26: 数学 | GZ26: 数学 | HA26: 历史 | HK26: 生物 | HL26: 地理 | HM26: 政治 | HN26: 历史 | HO26: 生物 | HP26: 物理 | HQ26: 语文 | HR26: 物理 | HS26: 历史 | HT26: 地理 | HU26: 外语 | HW26: 地理 | HX26: 历史 | HY26: 数学 | II26: 数学 | IJ26: 数学 | IK26: 语文 | IL26: 语文 | IM26: 语文 | IN26: 语文 | IO26: 物理 | IP26: 语文 | IQ26: 数学 | IR26: 数学 | IS26: 数学 | IU26: 语文 | IV26: 地理 | IW26: 地理
C27: =IFERROR(VLOOKUP(C26,教师安排!$A:$Y,C$2+1,FALSE),"") -> 0 | D27: =IFERROR(VLOOKUP(D26,教师安排!$A:$Y,D$2+1,FALSE),"") -> 0 | E27: =IFERROR(VLOOKUP(E26,教师安排!$A:$Y,E$2+1,FALSE),"") -> 0 | F27: =IFERROR(VLOOKUP(F26,教师安排!$A:$Y,F$2+1,FALSE),"") -> 0 | G27: =IFERROR(VLOOKUP(G26,教师安排!$A:$Y,G$2+1,FALSE),"") -> 0 | H27: =IFERROR(VLOOKUP(H26,教师安排!$A:$Y,H$2+1,FALSE),"") -> 0 | I27: =IFERROR(VLOOKUP(I26,教师安排!$A:$Y,I$2+1,FALSE),"") -> 0 | J27: =IFERROR(VLOOKUP(J26,教师安排!$A:$Y,J$2+1,FALSE),"") -> 0 | ... Q27: =IFERROR(VLOOKUP(Q26,教师安排!$A:$Y,Q$2+1,FALSE),"") -> 0 | AA27: =IFERROR(VLOOKUP(AA26,教师安排!$A:$Y,AA$2+1,FALSE),"") -> 侯淑贤 | AB27: =IFERROR(VLOOKUP(AB26,教师安排!$A:$Y,AB$2+1,FALSE),"") -> 姚来朋 | AC27: =IFERROR(VLOOKUP(AC26,教师安排!$A:$Y,AC$2+1,FALSE),"") -> 杨彬 | AD27: =IFERROR(VLOOKUP(AD26,教师安排!$A:$Y,AD$2+1,FALSE),"") -> 史振塞 | AE27: =IFERROR(VLOOKUP(AE26,教师安排!$A:$Y,AE$2+1,FALSE),"") -> 张冰雪 | AF27: =IFERROR(VLOOKUP(AF26,教师安排!$A:$Y,AF$2+1,FALSE),"") -> 姜媛媛 | AG27: =IFERROR(VLOOKUP(AG26,教师安排!$A:$Y,AG$2+1,FALSE),"") -> 王雪莲 | AH27: =IFERROR(VLOOKUP(AH26,教师安排!$A:$Y,AH$2+1,FALSE),"") -> 路睿 | ... AO27: =IFERROR(VLOOKUP(AO26,教师安排!$A:$Y,AO$2+1,FALSE),"") -> 高文凤 | AY27: =IFERROR(VLOOKUP(AY26,教师安排!$A:$Y,AY$2+1,FALSE),"") -> 杨彬 | AZ27: =IFERROR(VLOOKUP(AZ26,教师安排!$A:$Y,AZ$2+1,FALSE),"") -> 史振塞 | BA27: =IFERROR(VLOOKUP(BA26,教师安排!$A:$Y,BA$2+1,FALSE),"") -> 姚来朋 | BB27: =IFERROR(VLOOKUP(BB26,教师安排!$A:$Y,BB$2+1,FALSE),"") -> 侯淑贤 | BC27: =IFERROR(VLOOKUP(BC26,教师安排!$A:$Y,BC$2+1,FALSE),"") -> 赵雪敏 | BD27: =IFERROR(VLOOKUP(BD26,教师安排!$A:$Y,BD$2+1,FALSE),"") -> 王露 | BE27: =IFERROR(VLOOKUP(BE26,教师安排!$A:$Y,BE$2+1,FALSE),"") -> 范林林 | BF27: =IFERROR(VLOOKUP(BF26,教师安排!$A:$Y,BF$2+1,FALSE),"") -> 高文凤 | ... BM27: =IFERROR(VLOOKUP(BM26,教师安排!$A:$Y,BM$2+1,FALSE),"") -> 路睿 | BW27: =IFERROR(VLOOKUP(BW26,教师安排!$A:$Y,BW$2+1,FALSE),"") -> 岳/厉 | BX27: =IFERROR(VLOOKUP(BX26,教师安排!$A:$Y,BX$2+1,FALSE),"") -> 刘珊珊 | BY27: =IFERROR(VLOOKUP(BY26,教师安排!$A:$Y,BY$2+1,FALSE),"") -> 李会玲 | BZ27: =IFERROR(VLOOKUP(BZ26,教师安排!$A:$Y,BZ$2+1,FALSE),"") -> 岳/厉 | CA27: =IFERROR(VLOOKUP(CA26,教师安排!$A:$Y,CA$2+1,FALSE),"") -> 王灼 | CB27: =IFERROR(VLOOKUP(CB26,教师安排!$A:$Y,CB$2+1,FALSE),"") -> 翟淑玮 | CC27: =IFERROR(VLOOKUP(CC26,教师安排!$A:$Y,CC$2+1,FALSE),"") -> 韩丽梅 | CD27: =IFERROR(VLOOKUP(CD26,教师安排!$A:$Y,CD$2+1,FALSE),"") -> 宋平 | ... CP27: =IFERROR(VLOOKUP(CP26,教师安排!$A:$Y,CP$2+1,FALSE),"") | CR27: =IFERROR(VLOOKUP(CR26,教师安排!$A:$Y,CR$2+1,FALSE),"") | CS27: =IFERROR(VLOOKUP(CS26,教师安排!$A:$Y,CS$2+1,FALSE),"") | CT27: =IFERROR(VLOOKUP(CT26,教师安排!$A:$Y,CT$2+1,FALSE),"") | CU27: =IFERROR(VLOOKUP(CU26,教师安排!$A:$Y,CU$2+1,FALSE),"") -> 康波 | CV27: =IFERROR(VLOOKUP(CV26,教师安排!$A:$Y,CV$2+1,FALSE),"") -> 岳/厉 | CW27: =IFERROR(VLOOKUP(CW26,教师安排!$A:$Y,CW$2+1,FALSE),"") -> 岳/厉 | CX27: =IFERROR(VLOOKUP(CX26,教师安排!$A:$Y,CX$2+1,FALSE),"") -> 刘珊珊 | CY27: =IFERROR(VLOOKUP(CY26,教师安排!$A:$Y,CY$2+1,FALSE),"") -> 孙存义 | ... DM27: =IFERROR(VLOOKUP(DM26,教师安排!$A:$Y,DM$2+1,FALSE),"") -> 厉彦龙 | DO27: =IFERROR(VLOOKUP(DO26,教师安排!$A:$Y,DO$2+1,FALSE),"") -> 韩丽梅 | DP27: =IFERROR(VLOOKUP(DP26,教师安排!$A:$Y,DP$2+1,FALSE),"") -> 宋平 | DQ27: =IFERROR(VLOOKUP(DQ26,教师安排!$A:$Y,DQ$2+1,FALSE),"") -> 翟淑玮 | DR27: =IFERROR(VLOOKUP(DR26,教师安排!$A:$Y,DR$2+1,FALSE),"") -> 胡存想 | FO27: =IFERROR(VLOOKUP(FO26,教师安排!$A:$Y,FO$2+1,FALSE),"") -> 0 | FP27: =IFERROR(VLOOKUP(FP26,教师安排!$A:$Y,FP$2+1,FALSE),"") -> 0 | FQ27: =IFERROR(VLOOKUP(FQ26,教师安排!$A:$Y,FQ$2+1,FALSE),"") -> 0 | FR27: =IFERROR(VLOOKUP(FR26,教师安排!$A:$Y,FR$2+1,FALSE),"") -> 0 | FS27: =IFERROR(VLOOKUP(FS26,教师安排!$A:$Y,FS$2+1,FALSE),"") -> 0 | FT27: =IFERROR(VLOOKUP(FT26,教师安排!$A:$Y,FT$2+1,FALSE),"") -> 0 | FU27: =IFERROR(VLOOKUP(FU26,教师安排!$A:$Y,FU$2+1,FALSE),"") -> 0 | FV27: =IFERROR(VLOOKUP(FV26,教师安排!$A:$Y,FV$2+1,FALSE),"") -> 0 | ... GC27: =IFERROR(VLOOKUP(GC26,教师安排!$A:$Y,GC$2+1,FALSE),"") -> 0 | GM27: =IFERROR(VLOOKUP(GM26,教师安排!$A:$Y,GM$2+1,FALSE),"") -> 马崇庆 | GN27: =IFERROR(VLOOKUP(GN26,教师安排!$A:$Y,GN$2+1,FALSE),"") -> 田凤美 | GO27: =IFERROR(VLOOKUP(GO26,教师安排!$A:$Y,GO$2+1,FALSE),"") -> 李雯 | GP27: =IFERROR(VLOOKUP(GP26,教师安排!$A:$Y,GP$2+1,FALSE),"") -> 李会玲 | GQ27: =IFERROR(VLOOKUP(GQ26,教师安排!$A:$Y,GQ$2+1,FALSE),"") -> 李振铎 | GR27: =IFERROR(VLOOKUP(GR26,教师安排!$A:$Y,GR$2+1,FALSE),"") -> 蒋心言 | GS27: =IFERROR(VLOOKUP(GS26,教师安排!$A:$Y,GS$2+1,FALSE),"") -> 孙锦锦 | GT27: =IFERROR(VLOOKUP(GT26,教师安排!$A:$Y,GT$2+1,FALSE),"") -> 孙秋杰 | ... HA27: =IFERROR(VLOOKUP(HA26,教师安排!$A:$Y,HA$2+1,FALSE),"") -> 夏文杰 | HK27: =IFERROR(VLOOKUP(HK26,教师安排!$A:$Y,HK$2+1,FALSE),"") -> 周兴玲 | HL27: =IFERROR(VLOOKUP(HL26,教师安排!$A:$Y,HL$2+1,FALSE),"") -> 李会玲 | HM27: =IFERROR(VLOOKUP(HM26,教师安排!$A:$Y,HM$2+1,FALSE),"") -> 张雯皓 | HN27: =IFERROR(VLOOKUP(HN26,教师安排!$A:$Y,HN$2+1,FALSE),"") -> 李雯 | HO27: =IFERROR(VLOOKUP(HO26,教师安排!$A:$Y,HO$2+1,FALSE),"") -> 刘腾 | HP27: =IFERROR(VLOOKUP(HP26,教师安排!$A:$Y,HP$2+1,FALSE),"") -> 孙存义 | HQ27: =IFERROR(VLOOKUP(HQ26,教师安排!$A:$Y,HQ$2+1,FALSE),"") -> 王雪莲 | HR27: =IFERROR(VLOOKUP(HR26,教师安排!$A:$Y,HR$2+1,FALSE),"") -> 康波 | ... HY27: =IFERROR(VLOOKUP(HY26,教师安排!$A:$Y,HY$2+1,FALSE),"") -> 高文凤 | II27: =IFERROR(VLOOKUP(II26,教师安排!$A:$Y,II$2+1,FALSE),"") -> 侯淑贤 | IJ27: =IFERROR(VLOOKUP(IJ26,教师安排!$A:$Y,IJ$2+1,FALSE),"") -> 姚来朋 | IK27: =IFERROR(VLOOKUP(IK26,教师安排!$A:$Y,IK$2+1,FALSE),"") -> 杨彬 | IL27: =IFERROR(VLOOKUP(IL26,教师安排!$A:$Y,IL$2+1,FALSE),"") -> 史振塞 | IM27: =IFERROR(VLOOKUP(IM26,教师安排!$A:$Y,IM$2+1,FALSE),"") -> 张冰雪 | IN27: =IFERROR(VLOOKUP(IN26,教师安排!$A:$Y,IN$2+1,FALSE),"") -> 姜媛媛 | IO27: =IFERROR(VLOOKUP(IO26,教师安排!$A:$Y,IO$2+1,FALSE),"") -> 孙存义 | IP27: =IFERROR(VLOOKUP(IP26,教师安排!$A:$Y,IP$2+1,FALSE),"") -> 路睿 | ... IW27: =IFERROR(VLOOKUP(IW26,教师安排!$A:$Y,IW$2+1,FALSE),"") -> 孙秋杰
B28: 3 | C28: 自习 | D28: 自习 | E28: 自习 | F28: 自习 | G28: 自习 | H28: 自习 | I28: 自习 | J28: 自习 | K28: 自习 | L28: 自习 | M28: 体育训练 | N28: 美术集训 | O28: 自习 | P28: 自习 | Q28: 自习 | AA28: 语文 | AB28: 外语 | AC28: 外语 | AD28: 语文 | AE28: 化学 | AF28: 语文 | AG28: 通用 | AH28: 化学 | AI28: 语文 | AJ28: 信息 | AK28: 体育训练 | AL28: 美术集训 | AM28: 数学 | AN28: 历史 | AO28: 政治 | AQ28: 英语 | AS28: 俄语 | AY28: 外语 | AZ28: 数学 | BA28: 地理 | BB28: 外语 | BC28: 数学 | BD28: 数学 | BE28: 物理 | BF28: 数学 | BG28: 历史 | BH28: 历史 | BI28: 体育训练 | BJ28: 美术集训 | BK28: 语文 | BL28: 通用 | BM28: 地理 | BN28: 英语 | BQ28: 俄语 | BW28: 物理 | BX28: 语文 | BY28: 数学 | BZ28: 化学 | CA28: 外语 | CB28: 外语 | CC28: 地理 | CD28: 地理 | CE28: 通用 | CF28: 信息 | CG28: 体育训练 | CH28: 美术集训 | CI28: 数学 | CJ28: 历史 | CK28: 历史 | CU28: 数学 | CV28: 数学 | CW28: 语文 | CX28: 化学 | CY28: 化学 | CZ28: 通用 | DA28: 外语 | DB28: 化学 | DC28: 语文 | DD28: 数学 | DE28: 体育训练 | DF28: 美术集训 | DG28: 语文 | DH28: 地理 | DI28: 数学 | DS28: 地理 | DT28: 数学 | DU28: 历史 | DV28: 政治 | DW28: 语文 | DX28: 语文 | DY28: 化学 | DZ28: 语文 | EA28: 历史 | EB28: 数学 | EC28: 体育训练 | ED28: 美术集训 | EE28: 政治 | EF28: 数学 | EG28: 数学 | EQ28: 活动 | ER28: 活动 | ES28: 活动 | ET28: 活动 | EU28: 活动 | EV28: 活动 | EW28: 活动 | EX28: 活动 | EY28: 活动 | EZ28: 活动 | FA28: 体育训练 | FB28: 美术集训 | FC28: 活动 | FD28: 活动 | FE28: 活动 | FO28: 自习 | FP28: 自习 | FQ28: 自习 | FR28: 自习 | FS28: 自习 | FT28: 自习 | FU28: 自习 | FV28: 自习 | FW28: 自习 | FX28: 自习 | FY28: 体育训练 | FZ28: 美术集训 | GA28: 自习 | GB28: 自习 | GC28: 自习 | GM28: 语文 | GN28: 美术 | GO28: 化学 | GP28: 语文 | GQ28: 化学 | GR28: 语文 | GS28: 通用 | GT28: 数学 | GU28: 语文 | GV28: 信息 | GW28: 体育训练 | GX28: 美术集训 | GY28: 数学 | GZ28: 历史 | HA28: 政治 | HK28: 外语 | HL28: 数学 | HM28: 地理 | HN28: 外语 | HO28: 数学 | HP28: 数学 | HQ28: 物理 | HR28: 数学 | HS28: 历史 | HT28: 历史 | HU28: 体育训练 | HV28: 美术集训 | HW28: 语文 | HX28: 通用 | HY28: 地理 | HZ28: 英语 | IB28: 俄语 | II28: 物理 | IJ28: 语文 | IK28: 数学 | IL28: 化学 | IM28: 外语 | IN28: 外语 | IO28: 地理 | IP28: 地理 | IQ28: 通用 | IR28: 信息 | IS28: 体育训练 | IT28: 美术集训 | IU28: 数学 | IV28: 历史 | IW28: 历史 | JG28: 数学 | JH28: 数学 | JI28: 语文 | JJ28: 化学 | JK28: 化学 | JL28: 通用 | JM28: 外语 | JN28: 化学 | JO28: 语文 | JP28: 数学 | JQ28: 体育训练 | JR28: 美术集训 | JS28: 语文 | JT28: 地理 | JU28: 数学
C29: =IFERROR(VLOOKUP(C28,教师安排!$A:$Y,C$2+1,FALSE),"") -> 0 | D29: =IFERROR(VLOOKUP(D28,教师安排!$A:$Y,D$2+1,FALSE),"") -> 0 | E29: =IFERROR(VLOOKUP(E28,教师安排!$A:$Y,E$2+1,FALSE),"") -> 0 | F29: =IFERROR(VLOOKUP(F28,教师安排!$A:$Y,F$2+1,FALSE),"") -> 0 | G29: =IFERROR(VLOOKUP(G28,教师安排!$A:$Y,G$2+1,FALSE),"") -> 0 | H29: =IFERROR(VLOOKUP(H28,教师安排!$A:$Y,H$2+1,FALSE),"") -> 0 | I29: =IFERROR(VLOOKUP(I28,教师安排!$A:$Y,I$2+1,FALSE),"") -> 0 | J29: =IFERROR(VLOOKUP(J28,教师安排!$A:$Y,J$2+1,FALSE),"") -> 0 | ... U29: =IFERROR(VLOOKUP(U28,教师安排!$A:$Y,U$2+1,FALSE),"") | W29: =IFERROR(VLOOKUP(W28,教师安排!$A:$Y,W$2+1,FALSE),"") | X29: =IFERROR(VLOOKUP(X28,教师安排!$A:$Y,X$2+1,FALSE),"") | Y29: =IFERROR(VLOOKUP(Y28,教师安排!$A:$Y,Y$2+1,FALSE),"") | Z29: =IFERROR(VLOOKUP(Z28,教师安排!$A:$Y,Z$2+1,FALSE),"") | AA29: =IFERROR(VLOOKUP(AA28,教师安排!$A:$Y,AA$2+1,FALSE),"") -> 杨彬 | AB29: =IFERROR(VLOOKUP(AB28,教师安排!$A:$Y,AB$2+1,FALSE),"") -> 岳/厉 | AC29: =IFERROR(VLOOKUP(AC28,教师安排!$A:$Y,AC$2+1,FALSE),"") -> 岳/厉 | AD29: =IFERROR(VLOOKUP(AD28,教师安排!$A:$Y,AD$2+1,FALSE),"") -> 史振塞 | ... AS29: =IFERROR(VLOOKUP(AS28,教师安排!$A:$Y,AS$2+1,FALSE),"") -> 厉彦龙 | AU29: =IFERROR(VLOOKUP(AU28,教师安排!$A:$Y,AU$2+1,FALSE),"") | AV29: =IFERROR(VLOOKUP(AV28,教师安排!$A:$Y,AV$2+1,FALSE),"") | AW29: =IFERROR(VLOOKUP(AW28,教师安排!$A:$Y,AW$2+1,FALSE),"") | AX29: =IFERROR(VLOOKUP(AX28,教师安排!$A:$Y,AX$2+1,FALSE),"") | AY29: =IFERROR(VLOOKUP(AY28,教师安排!$A:$Y,AY$2+1,FALSE),"") -> 岳/厉 | AZ29: =IFERROR(VLOOKUP(AZ28,教师安排!$A:$Y,AZ$2+1,FALSE),"") -> 姚来朋 | BA29: =IFERROR(VLOOKUP(BA28,教师安排!$A:$Y,BA$2+1,FALSE),"") -> 李会玲 | BB29: =IFERROR(VLOOKUP(BB28,教师安排!$A:$Y,BB$2+1,FALSE),"") -> 岳/厉 | ... BQ29: =IFERROR(VLOOKUP(BQ28,教师安排!$A:$Y,BQ$2+1,FALSE),"") -> 厉彦龙 | BS29: =IFERROR(VLOOKUP(BS28,教师安排!$A:$Y,BS$2+1,FALSE),"") | BT29: =IFERROR(VLOOKUP(BT28,教师安排!$A:$Y,BT$2+1,FALSE),"") | BU29: =IFERROR(VLOOKUP(BU28,教师安排!$A:$Y,BU$2+1,FALSE),"") | BV29: =IFERROR(VLOOKUP(BV28,教师安排!$A:$Y,BV$2+1,FALSE),"") | BW29: =IFERROR(VLOOKUP(BW28,教师安排!$A:$Y,BW$2+1,FALSE),"") -> 康波 | BX29: =IFERROR(VLOOKUP(BX28,教师安排!$A:$Y,BX$2+1,FALSE),"") -> 史振塞 | BY29: =IFERROR(VLOOKUP(BY28,教师安排!$A:$Y,BY$2+1,FALSE),"") -> 姚来朋 | BZ29: =IFERROR(VLOOKUP(BZ28,教师安排!$A:$Y,BZ$2+1,FALSE),"") -> 马崇庆 | ... CP29: =IFERROR(VLOOKUP(CP28,教师安排!$A:$Y,CP$2+1,FALSE),"") | CR29: =IFERROR(VLOOKUP(CR28,教师安排!$A:$Y,CR$2+1,FALSE),"") | CS29: =IFERROR(VLOOKUP(CS28,教师安排!$A:$Y,CS$2+1,FALSE),"") | CT29: =IFERROR(VLOOKUP(CT28,教师安排!$A:$Y,CT$2+1,FALSE),"") | CU29: =IFERROR(VLOOKUP(CU28,教师安排!$A:$Y,CU$2+1,FALSE),"") -> 侯淑贤 | CV29: =IFERROR(VLOOKUP(CV28,教师安排!$A:$Y,CV$2+1,FALSE),"") -> 姚来朋 | CW29: =IFERROR(VLOOKUP(CW28,教师安排!$A:$Y,CW$2+1,FALSE),"") -> 杨彬 | CX29: =IFERROR(VLOOKUP(CX28,教师安排!$A:$Y,CX$2+1,FALSE),"") -> 马崇庆 | CY29: =IFERROR(VLOOKUP(CY28,教师安排!$A:$Y,CY$2+1,FALSE),"") -> 李振铎 | ... DM29: =IFERROR(VLOOKUP(DM28,教师安排!$A:$Y,DM$2+1,FALSE),"") | DO29: =IFERROR(VLOOKUP(DO28,教师安排!$A:$Y,DO$2+1,FALSE),"") | DP29: =IFERROR(VLOOKUP(DP28,教师安排!$A:$Y,DP$2+1,FALSE),"") | DQ29: =IFERROR(VLOOKUP(DQ28,教师安排!$A:$Y,DQ$2+1,FALSE),"") | DR29: =IFERROR(VLOOKUP(DR28,教师安排!$A:$Y,DR$2+1,FALSE),"") | DS29: =IFERROR(VLOOKUP(DS28,教师安排!$A:$Y,DS$2+1,FALSE),"") -> 李会玲 | DT29: =IFERROR(VLOOKUP(DT28,教师安排!$A:$Y,DT$2+1,FALSE),"") -> 姚来朋 | DU29: =IFERROR(VLOOKUP(DU28,教师安排!$A:$Y,DU$2+1,FALSE),"") -> 李雯 | DV29: =IFERROR(VLOOKUP(DV28,教师安排!$A:$Y,DV$2+1,FALSE),"") -> 刘珊珊 | ... EK29: =IFERROR(VLOOKUP(EK28,教师安排!$A:$Y,EK$2+1,FALSE),"") | EM29: =IFERROR(VLOOKUP(EM28,教师安排!$A:$Y,EM$2+1,FALSE),"") | EN29: =IFERROR(VLOOKUP(EN28,教师安排!$A:$Y,EN$2+1,FALSE),"") | EO29: =IFERROR(VLOOKUP(EO28,教师安排!$A:$Y,EO$2+1,FALSE),"") | EP29: =IFERROR(VLOOKUP(EP28,教师安排!$A:$Y,EP$2+1,FALSE),"") | EQ29: =IFERROR(VLOOKUP(EQ28,教师安排!$A:$Y,EQ$2+1,FALSE),"") -> 0 | ER29: =IFERROR(VLOOKUP(ER28,教师安排!$A:$Y,ER$2+1,FALSE),"") -> 0 | ES29: =IFERROR(VLOOKUP(ES28,教师安排!$A:$Y,ES$2+1,FALSE),"") -> 0 | ET29: =IFERROR(VLOOKUP(ET28,教师安排!$A:$Y,ET$2+1,FALSE),"") -> 0 | ... FI29: =IFERROR(VLOOKUP(FI28,教师安排!$A:$Y,FI$2+1,FALSE),"") | FK29: =IFERROR(VLOOKUP(FK28,教师安排!$A:$Y,FK$2+1,FALSE),"") | FL29: =IFERROR(VLOOKUP(FL28,教师安排!$A:$Y,FL$2+1,FALSE),"") | FM29: =IFERROR(VLOOKUP(FM28,教师安排!$A:$Y,FM$2+1,FALSE),"") | FN29: =IFERROR(VLOOKUP(FN28,教师安排!$A:$Y,FN$2+1,FALSE),"") | FO29: =IFERROR(VLOOKUP(FO28,教师安排!$A:$Y,FO$2+1,FALSE),"") -> 0 | FP29: =IFERROR(VLOOKUP(FP28,教师安排!$A:$Y,FP$2+1,FALSE),"") -> 0 | FQ29: =IFERROR(VLOOKUP(FQ28,教师安排!$A:$Y,FQ$2+1,FALSE),"") -> 0 | FR29: =IFERROR(VLOOKUP(FR28,教师安排!$A:$Y,FR$2+1,FALSE),"") -> 0 | ... GG29: =IFERROR(VLOOKUP(GG28,教师安排!$A:$Y,GG$2+1,FALSE),"") | GI29: =IFERROR(VLOOKUP(GI28,教师安排!$A:$Y,GI$2+1,FALSE),"") | GJ29: =IFERROR(VLOOKUP(GJ28,教师安排!$A:$Y,GJ$2+1,FALSE),"") | GK29: =IFERROR(VLOOKUP(GK28,教师安排!$A:$Y,GK$2+1,FALSE),"") | GL29: =IFERROR(VLOOKUP(GL28,教师安排!$A:$Y,GL$2+1,FALSE),"") | GM29: =IFERROR(VLOOKUP(GM28,教师安排!$A:$Y,GM$2+1,FALSE),"") -> 杨彬 | GN29: =IFERROR(VLOOKUP(GN28,教师安排!$A:$Y,GN$2+1,FALSE),"") -> 张苏 | GO29: =IFERROR(VLOOKUP(GO28,教师安排!$A:$Y,GO$2+1,FALSE),"") -> 宋开元 | GP29: =IFERROR(VLOOKUP(GP28,教师安排!$A:$Y,GP$2+1,FALSE),"") -> 史振塞 | ... HE29: =IFERROR(VLOOKUP(HE28,教师安排!$A:$Y,HE$2+1,FALSE),"") | HG29: =IFERROR(VLOOKUP(HG28,教师安排!$A:$Y,HG$2+1,FALSE),"") | HH29: =IFERROR(VLOOKUP(HH28,教师安排!$A:$Y,HH$2+1,FALSE),"") | HI29: =IFERROR(VLOOKUP(HI28,教师安排!$A:$Y,HI$2+1,FALSE),"") | HJ29: =IFERROR(VLOOKUP(HJ28,教师安排!$A:$Y,HJ$2+1,FALSE),"") | HK29: =IFERROR(VLOOKUP(HK28,教师安排!$A:$Y,HK$2+1,FALSE),"") -> 岳/厉 | HL29: =IFERROR(VLOOKUP(HL28,教师安排!$A:$Y,HL$2+1,FALSE),"") -> 姚来朋 | HM29: =IFERROR(VLOOKUP(HM28,教师安排!$A:$Y,HM$2+1,FALSE),"") -> 李会玲 | HN29: =IFERROR(VLOOKUP(HN28,教师安排!$A:$Y,HN$2+1,FALSE),"") -> 岳/厉 | ... IC29: =IFERROR(VLOOKUP(IC28,教师安排!$A:$Y,IC$2+1,FALSE),"") | IE29: =IFERROR(VLOOKUP(IE28,教师安排!$A:$Y,IE$2+1,FALSE),"") | IF29: =IFERROR(VLOOKUP(IF28,教师安排!$A:$Y,IF$2+1,FALSE),"") | IG29: =IFERROR(VLOOKUP(IG28,教师安排!$A:$Y,IG$2+1,FALSE),"") | IH29: =IFERROR(VLOOKUP(IH28,教师安排!$A:$Y,IH$2+1,FALSE),"") | II29: =IFERROR(VLOOKUP(II28,教师安排!$A:$Y,II$2+1,FALSE),"") -> 康波 | IJ29: =IFERROR(VLOOKUP(IJ28,教师安排!$A:$Y,IJ$2+1,FALSE),"") -> 史振塞 | IK29: =IFERROR(VLOOKUP(IK28,教师安排!$A:$Y,IK$2+1,FALSE),"") -> 姚来朋 | IL29: =IFERROR(VLOOKUP(IL28,教师安排!$A:$Y,IL$2+1,FALSE),"") -> 马崇庆 | ... JA29: =IFERROR(VLOOKUP(JA28,教师安排!$A:$Y,JA$2+1,FALSE),"") | JC29: =IFERROR(VLOOKUP(JC28,教师安排!$A:$Y,JC$2+1,FALSE),"") | JD29: =IFERROR(VLOOKUP(JD28,教师安排!$A:$Y,JD$2+1,FALSE),"") | JE29: =IFERROR(VLOOKUP(JE28,教师安排!$A:$Y,JE$2+1,FALSE),"") | JF29: =IFERROR(VLOOKUP(JF28,教师安排!$A:$Y,JF$2+1,FALSE),"") | JG29: =IFERROR(VLOOKUP(JG28,教师安排!$A:$Y,JG$2+1,FALSE),"") -> 侯淑贤 | JH29: =IFERROR(VLOOKUP(JH28,教师安排!$A:$Y,JH$2+1,FALSE),"") -> 姚来朋 | JI29: =IFERROR(VLOOKUP(JI28,教师安排!$A:$Y,JI$2+1,FALSE),"") -> 杨彬 | JJ29: =IFERROR(VLOOKUP(JJ28,教师安排!$A:$Y,JJ$2+1,FALSE),"") -> 马崇庆 | ... JY29: =IFERROR(VLOOKUP(JY28,教师安排!$A:$Y,JY$2+1,FALSE),"") | KA29: =IFERROR(VLOOKUP(KA28,教师安排!$A:$Y,KA$2+1,FALSE),"") | KB29: =IFERROR(VLOOKUP(KB28,教师安排!$A:$Y,KB$2+1,FALSE),"") | KC29: =IFERROR(VLOOKUP(KC28,教师安排!$A:$Y,KC$2+1,FALSE),"") | KD29: =IFERROR(VLOOKUP(KD28,教师安排!$A:$Y,KD$2+1,FALSE),"")
B30: 4 | C30: 物理 | D30: 地理 | E30: 生物 | F30: 语文 | G30: 生物 | H30: 外语 | I30: 化学 | J30: 地理 | K30: 通用 | L30: 数学 | M30: 体育训练 | N30: 美术集训 | O30: 地理 | P30: 地理 | Q30: 语文 | AA30: 语文 | AB30: 数学 | AC30: 物理 | AD30: 数学 | AE30: 外语 | AF30: 化学 | AG30: 信息 | AH30: 地理 | AI30: 历史 | AJ30: 历史 | AK30: 体育训练 | AL30: 美术集训 | AM30: 数学 | AN30: 信息 | AO30: 历史 | AY30: 活动 | AZ30: 活动 | BA30: 活动 | BB30: 活动 | BC30: 化学 | BD30: 生物 | BE30: 化学 | BF30: 化学 | BG30: 外语 | BH30: 外语 | BI30: 体育训练 | BJ30: 美术集训 | BK30: 语文 | BL30: 历史 | BM30: 通用 | BW30: 历史 | BX30: 物理 | BY30: 数学 | BZ30: 数学 | CA30: 活动 | CB30: 活动 | CC30: 活动 | CD30: 活动 | CE30: 活动 | CF30: 活动 | CG30: 体育训练 | CH30: 美术集训 | CI30: 活动 | CJ30: 活动 | CK30: 活动 | CU30: 语文 | CV30: 数学 | CW30: 化学 | CX30: 数学 | CY30: 语文 | CZ30: 化学 | DA30: 化学 | DB30: 数学 | DC30: 生物 | DD30: 语文 | DE30: 体育训练 | DF30: 美术集训 | DG30: 地理 | DH30: 历史 | DI30: 信息 | DS30: 生物 | DT30: 历史 | DU30: 数学 | DV30: 地理 | DW30: 语文 | DX30: 数学 | DY30: 化学 | DZ30: 语文 | EA30: 地理 | EB30: 数学 | EC30: 体育训练 | ED30: 美术集训 | EE30: 语文 | EF30: 语文 | EG30: 数学 | EQ30: 活动 | ER30: 活动 | ES30: 活动 | ET30: 活动 | EU30: 活动 | EV30: 活动 | EW30: 活动 | EX30: 活动 | EY30: 活动 | EZ30: 活动 | FA30: 体育训练 | FB30: 美术集训 | FC30: 活动 | FD30: 活动 | FE30: 活动 | FO30: 物理 | FP30: 地理 | FQ30: 生物 | FR30: 语文 | FS30: 生物 | FT30: 外语 | FU30: 化学 | FV30: 地理 | FW30: 通用 | FX30: 数学 | FY30: 体育训练 | FZ30: 美术集训 | GA30: 地理 | GB30: 地理 | GC30: 语文 | GM30: 语文 | GN30: 数学 | GO30: 地理 | GP30: 数学 | GQ30: 外语 | GR30: 化学 | GS30: 信息 | GT30: 地理 | GU30: 历史 | GV30: 历史 | GW30: 体育训练 | GX30: 美术集训 | GY30: 数学 | GZ30: 信息 | HA30: 历史 | HK30: 活动 | HL30: 活动 | HM30: 活动 | HN30: 活动 | HO30: 化学 | HP30: 生物 | HQ30: 化学 | HR30: 化学 | HS30: 外语 | HT30: 外语 | HU30: 体育训练 | HV30: 美术集训 | HW30: 语文 | HX30: 历史 | HY30: 通用 | II30: 历史 | IJ30: 物理 | IK30: 数学 | IL30: 数学 | IM30: 活动 | IN30: 活动 | IO30: 活动 | IP30: 活动 | IQ30: 活动 | IR30: 活动 | IS30: 体育训练 | IT30: 美术集训 | IU30: 活动 | IV30: 活动 | IW30: 活动 | JG30: 语文 | JH30: 数学 | JI30: 化学 | JJ30: 数学 | JK30: 语文 | JL30: 化学 | JM30: 化学 | JN30: 数学 | JO30: 生物 | JP30: 语文 | JQ30: 体育训练 | JR30: 美术集训 | JS30: 地理 | JT30: 历史 | JU30: 信息
C31: =IFERROR(VLOOKUP(C30,教师安排!$A:$Y,C$2+1,FALSE),"") -> 康波 | D31: =IFERROR(VLOOKUP(D30,教师安排!$A:$Y,D$2+1,FALSE),"") -> 李会玲 | E31: =IFERROR(VLOOKUP(E30,教师安排!$A:$Y,E$2+1,FALSE),"") -> 周兴玲 | F31: =IFERROR(VLOOKUP(F30,教师安排!$A:$Y,F$2+1,FALSE),"") -> 史振塞 | G31: =IFERROR(VLOOKUP(G30,教师安排!$A:$Y,G$2+1,FALSE),"") -> 刘腾 | H31: =IFERROR(VLOOKUP(H30,教师安排!$A:$Y,H$2+1,FALSE),"") -> 翟淑玮 | I31: =IFERROR(VLOOKUP(I30,教师安排!$A:$Y,I$2+1,FALSE),"") -> 马崇庆 | J31: =IFERROR(VLOOKUP(J30,教师安排!$A:$Y,J$2+1,FALSE),"") -> 孙秋杰 | ... U31: =IFERROR(VLOOKUP(U30,教师安排!$A:$Y,U$2+1,FALSE),"") | W31: =IFERROR(VLOOKUP(W30,教师安排!$A:$Y,W$2+1,FALSE),"") | X31: =IFERROR(VLOOKUP(X30,教师安排!$A:$Y,X$2+1,FALSE),"") | Y31: =IFERROR(VLOOKUP(Y30,教师安排!$A:$Y,Y$2+1,FALSE),"") | Z31: =IFERROR(VLOOKUP(Z30,教师安排!$A:$Y,Z$2+1,FALSE),"") | AA31: =IFERROR(VLOOKUP(AA30,教师安排!$A:$Y,AA$2+1,FALSE),"") -> 杨彬 | AB31: =IFERROR(VLOOKUP(AB30,教师安排!$A:$Y,AB$2+1,FALSE),"") -> 姚来朋 | AC31: =IFERROR(VLOOKUP(AC30,教师安排!$A:$Y,AC$2+1,FALSE),"") -> 张雨晴 | AD31: =IFERROR(VLOOKUP(AD30,教师安排!$A:$Y,AD$2+1,FALSE),"") -> 侯淑贤 | ... AS31: =IFERROR(VLOOKUP(AS30,教师安排!$A:$Y,AS$2+1,FALSE),"") | AU31: =IFERROR(VLOOKUP(AU30,教师安排!$A:$Y,AU$2+1,FALSE),"") | AV31: =IFERROR(VLOOKUP(AV30,教师安排!$A:$Y,AV$2+1,FALSE),"") | AW31: =IFERROR(VLOOKUP(AW30,教师安排!$A:$Y,AW$2+1,FALSE),"") | AX31: =IFERROR(VLOOKUP(AX30,教师安排!$A:$Y,AX$2+1,FALSE),"") | AY31: =IFERROR(VLOOKUP(AY30,教师安排!$A:$Y,AY$2+1,FALSE),"") -> 0 | AZ31: =IFERROR(VLOOKUP(AZ30,教师安排!$A:$Y,AZ$2+1,FALSE),"") -> 0 | BA31: =IFERROR(VLOOKUP(BA30,教师安排!$A:$Y,BA$2+1,FALSE),"") -> 0 | BB31: =IFERROR(VLOOKUP(BB30,教师安排!$A:$Y,BB$2+1,FALSE),"") -> 0 | ... BQ31: =IFERROR(VLOOKUP(BQ30,教师安排!$A:$Y,BQ$2+1,FALSE),"") | BS31: =IFERROR(VLOOKUP(BS30,教师安排!$A:$Y,BS$2+1,FALSE),"") | BT31: =IFERROR(VLOOKUP(BT30,教师安排!$A:$Y,BT$2+1,FALSE),"") | BU31: =IFERROR(VLOOKUP(BU30,教师安排!$A:$Y,BU$2+1,FALSE),"") | BV31: =IFERROR(VLOOKUP(BV30,教师安排!$A:$Y,BV$2+1,FALSE),"") | BW31: =IFERROR(VLOOKUP(BW30,教师安排!$A:$Y,BW$2+1,FALSE),"") -> 李雯 | BX31: =IFERROR(VLOOKUP(BX30,教师安排!$A:$Y,BX$2+1,FALSE),"") -> 张雨晴 | BY31: =IFERROR(VLOOKUP(BY30,教师安排!$A:$Y,BY$2+1,FALSE),"") -> 姚来朋 | BZ31: =IFERROR(VLOOKUP(BZ30,教师安排!$A:$Y,BZ$2+1,FALSE),"") -> 侯淑贤 | ... CP31: =IFERROR(VLOOKUP(CP30,教师安排!$A:$Y,CP$2+1,FALSE),"") | CR31: =IFERROR(VLOOKUP(CR30,教师安排!$A:$Y,CR$2+1,FALSE),"") | CS31: =IFERROR(VLOOKUP(CS30,教师安排!$A:$Y,CS$2+1,FALSE),"") | CT31: =IFERROR(VLOOKUP(CT30,教师安排!$A:$Y,CT$2+1,FALSE),"") | CU31: =IFERROR(VLOOKUP(CU30,教师安排!$A:$Y,CU$2+1,FALSE),"") -> 杨彬 | CV31: =IFERROR(VLOOKUP(CV30,教师安排!$A:$Y,CV$2+1,FALSE),"") -> 姚来朋 | CW31: =IFERROR(VLOOKUP(CW30,教师安排!$A:$Y,CW$2+1,FALSE),"") -> 宋开元 | CX31: =IFERROR(VLOOKUP(CX30,教师安排!$A:$Y,CX$2+1,FALSE),"") -> 侯淑贤 | CY31: =IFERROR(VLOOKUP(CY30,教师安排!$A:$Y,CY$2+1,FALSE),"") -> 张冰雪 | ... DM31: =IFERROR(VLOOKUP(DM30,教师安排!$A:$Y,DM$2+1,FALSE),"") | DO31: =IFERROR(VLOOKUP(DO30,教师安排!$A:$Y,DO$2+1,FALSE),"") | DP31: =IFERROR(VLOOKUP(DP30,教师安排!$A:$Y,DP$2+1,FALSE),"") | DQ31: =IFERROR(VLOOKUP(DQ30,教师安排!$A:$Y,DQ$2+1,FALSE),"") | DR31: =IFERROR(VLOOKUP(DR30,教师安排!$A:$Y,DR$2+1,FALSE),"") | DS31: =IFERROR(VLOOKUP(DS30,教师安排!$A:$Y,DS$2+1,FALSE),"") -> 周兴玲 | DT31: =IFERROR(VLOOKUP(DT30,教师安排!$A:$Y,DT$2+1,FALSE),"") -> 田凤美 | DU31: =IFERROR(VLOOKUP(DU30,教师安排!$A:$Y,DU$2+1,FALSE),"") -> 姚来朋 | DV31: =IFERROR(VLOOKUP(DV30,教师安排!$A:$Y,DV$2+1,FALSE),"") -> 李会玲 | ... EK31: =IFERROR(VLOOKUP(EK30,教师安排!$A:$Y,EK$2+1,FALSE),"") | EM31: =IFERROR(VLOOKUP(EM30,教师安排!$A:$Y,EM$2+1,FALSE),"") | EN31: =IFERROR(VLOOKUP(EN30,教师安排!$A:$Y,EN$2+1,FALSE),"") | EO31: =IFERROR(VLOOKUP(EO30,教师安排!$A:$Y,EO$2+1,FALSE),"") | EP31: =IFERROR(VLOOKUP(EP30,教师安排!$A:$Y,EP$2+1,FALSE),"") | EQ31: =IFERROR(VLOOKUP(EQ30,教师安排!$A:$Y,EQ$2+1,FALSE),"") -> 0 | ER31: =IFERROR(VLOOKUP(ER30,教师安排!$A:$Y,ER$2+1,FALSE),"") -> 0 | ES31: =IFERROR(VLOOKUP(ES30,教师安排!$A:$Y,ES$2+1,FALSE),"") -> 0 | ET31: =IFERROR(VLOOKUP(ET30,教师安排!$A:$Y,ET$2+1,FALSE),"") -> 0 | ... FI31: =IFERROR(VLOOKUP(FI30,教师安排!$A:$Y,FI$2+1,FALSE),"") | FK31: =IFERROR(VLOOKUP(FK30,教师安排!$A:$Y,FK$2+1,FALSE),"") | FL31: =IFERROR(VLOOKUP(FL30,教师安排!$A:$Y,FL$2+1,FALSE),"") | FM31: =IFERROR(VLOOKUP(FM30,教师安排!$A:$Y,FM$2+1,FALSE),"") | FN31: =IFERROR(VLOOKUP(FN30,教师安排!$A:$Y,FN$2+1,FALSE),"") | FO31: =IFERROR(VLOOKUP(FO30,教师安排!$A:$Y,FO$2+1,FALSE),"") -> 康波 | FP31: =IFERROR(VLOOKUP(FP30,教师安排!$A:$Y,FP$2+1,FALSE),"") -> 李会玲 | FQ31: =IFERROR(VLOOKUP(FQ30,教师安排!$A:$Y,FQ$2+1,FALSE),"") -> 周兴玲 | FR31: =IFERROR(VLOOKUP(FR30,教师安排!$A:$Y,FR$2+1,FALSE),"") -> 史振塞 | ... GG31: =IFERROR(VLOOKUP(GG30,教师安排!$A:$Y,GG$2+1,FALSE),"") | GI31: =IFERROR(VLOOKUP(GI30,教师安排!$A:$Y,GI$2+1,FALSE),"") | GJ31: =IFERROR(VLOOKUP(GJ30,教师安排!$A:$Y,GJ$2+1,FALSE),"") | GK31: =IFERROR(VLOOKUP(GK30,教师安排!$A:$Y,GK$2+1,FALSE),"") | GL31: =IFERROR(VLOOKUP(GL30,教师安排!$A:$Y,GL$2+1,FALSE),"") | GM31: =IFERROR(VLOOKUP(GM30,教师安排!$A:$Y,GM$2+1,FALSE),"") -> 杨彬 | GN31: =IFERROR(VLOOKUP(GN30,教师安排!$A:$Y,GN$2+1,FALSE),"") -> 姚来朋 | GO31: =IFERROR(VLOOKUP(GO30,教师安排!$A:$Y,GO$2+1,FALSE),"") -> 李会玲 | GP31: =IFERROR(VLOOKUP(GP30,教师安排!$A:$Y,GP$2+1,FALSE),"") -> 侯淑贤 | ... HE31: =IFERROR(VLOOKUP(HE30,教师安排!$A:$Y,HE$2+1,FALSE),"") | HG31: =IFERROR(VLOOKUP(HG30,教师安排!$A:$Y,HG$2+1,FALSE),"") | HH31: =IFERROR(VLOOKUP(HH30,教师安排!$A:$Y,HH$2+1,FALSE),"") | HI31: =IFERROR(VLOOKUP(HI30,教师安排!$A:$Y,HI$2+1,FALSE),"") | HJ31: =IFERROR(VLOOKUP(HJ30,教师安排!$A:$Y,HJ$2+1,FALSE),"") | HK31: =IFERROR(VLOOKUP(HK30,教师安排!$A:$Y,HK$2+1,FALSE),"") -> 0 | HL31: =IFERROR(VLOOKUP(HL30,教师安排!$A:$Y,HL$2+1,FALSE),"") -> 0 | HM31: =IFERROR(VLOOKUP(HM30,教师安排!$A:$Y,HM$2+1,FALSE),"") -> 0 | HN31: =IFERROR(VLOOKUP(HN30,教师安排!$A:$Y,HN$2+1,FALSE),"") -> 0 | ... IC31: =IFERROR(VLOOKUP(IC30,教师安排!$A:$Y,IC$2+1,FALSE),"") | IE31: =IFERROR(VLOOKUP(IE30,教师安排!$A:$Y,IE$2+1,FALSE),"") | IF31: =IFERROR(VLOOKUP(IF30,教师安排!$A:$Y,IF$2+1,FALSE),"") | IG31: =IFERROR(VLOOKUP(IG30,教师安排!$A:$Y,IG$2+1,FALSE),"") | IH31: =IFERROR(VLOOKUP(IH30,教师安排!$A:$Y,IH$2+1,FALSE),"") | II31: =IFERROR(VLOOKUP(II30,教师安排!$A:$Y,II$2+1,FALSE),"") -> 李雯 | IJ31: =IFERROR(VLOOKUP(IJ30,教师安排!$A:$Y,IJ$2+1,FALSE),"") -> 张雨晴 | IK31: =IFERROR(VLOOKUP(IK30,教师安排!$A:$Y,IK$2+1,FALSE),"") -> 姚来朋 | IL31: =IFERROR(VLOOKUP(IL30,教师安排!$A:$Y,IL$2+1,FALSE),"") -> 侯淑贤 | ... JA31: =IFERROR(VLOOKUP(JA30,教师安排!$A:$Y,JA$2+1,FALSE),"") | JC31: =IFERROR(VLOOKUP(JC30,教师安排!$A:$Y,JC$2+1,FALSE),"") | JD31: =IFERROR(VLOOKUP(JD30,教师安排!$A:$Y,JD$2+1,FALSE),"") | JE31: =IFERROR(VLOOKUP(JE30,教师安排!$A:$Y,JE$2+1,FALSE),"") | JF31: =IFERROR(VLOOKUP(JF30,教师安排!$A:$Y,JF$2+1,FALSE),"") | JG31: =IFERROR(VLOOKUP(JG30,教师安排!$A:$Y,JG$2+1,FALSE),"") -> 杨彬 | JH31: =IFERROR(VLOOKUP(JH30,教师安排!$A:$Y,JH$2+1,FALSE),"") -> 姚来朋 | JI31: =IFERROR(VLOOKUP(JI30,教师安排!$A:$Y,JI$2+1,FALSE),"") -> 宋开元 | JJ31: =IFERROR(VLOOKUP(JJ30,教师安排!$A:$Y,JJ$2+1,FALSE),"") -> 侯淑贤 | ... JY31: =IFERROR(VLOOKUP(JY30,教师安排!$A:$Y,JY$2+1,FALSE),"") | KA31: =IFERROR(VLOOKUP(KA30,教师安排!$A:$Y,KA$2+1,FALSE),"") | KB31: =IFERROR(VLOOKUP(KB30,教师安排!$A:$Y,KB$2+1,FALSE),"") | KC31: =IFERROR(VLOOKUP(KC30,教师安排!$A:$Y,KC$2+1,FALSE),"") | KD31: =IFERROR(VLOOKUP(KD30,教师安排!$A:$Y,KD$2+1,FALSE),"")
A32: 晚上 | B32: 晚读 | C32: 生物 | D32: 练字（语） | E32: 练字（语） | F32: 地理 | G32: 化学 | H32: 练字（语） | I32: 地理 | J32: 地理 | K32: 练字（外） | L32: 练字（语） | M32: 练字（语） | N32: 美术集训 | O32: 政治 | P32: 历史 | Q32: 政治 | AA32: 听力 | AB32: 地理 | AC32: 生物 | AD32: 听力 | AE32: 练字（外） | AF32: 练字（外） | AG32: 练字（外） | AH32: 练字（外） | AI32: 地理 | AJ32: 听力 | AK32: 地理 | AL32: 美术集训 | AM32: 练字（语） | AN32: 政治 | AO32: 练字（语） | AP32: 听力（英） | AR32: 听力（俄） | AY32: 历史 | AZ32: 听力 | BA32: 听力 | BB32: 生物 | BC32: 练字（语） | BD32: 听力 | BE32: 听力 | BF32: 化学 | BG32: 听力 | BH32: 练字（外） | BI32: 练字（语） | BJ32: 美术集训 | BK32: 历史 | BL32: 地理 | BM32: 地理 | BO32: 听力（英） | BQ32: 听力（俄） | BW32: 练字（语） | BX32: 练字（外） | BY32: 练字（外） | BZ32: 历史 | CA32: 物理 | CB32: 生物 | CC32: 化学 | CD32: 物理 | CE32: 历史 | CF32: 地理 | CG32: 听力 | CH32: 美术集训 | CI32: 听力 | CJ32: 听力 | CK32: 听力 | CM32: 练字（英） | CO32: 练字（俄） | CP32: 听力（俄） | CQ32: 听力（俄） | CR32: 听力（英） | CS32: 听力（英） | CT32: 听力（英） | CU32: 练字（外） | CV32: 生物 | CW32: 地理 | CX32: 练字（外） | CY32: 练字（语） | CZ32: 化学 | DA32: 物理 | DB32: 地理 | DC32: 历史 | DD32: 历史 | DE32: 练字（外） | DF32: 美术集训 | DG32: 练字（外） | DH32: 练字（外） | DI32: 练字（外） | DJ32: 练字（英） | DL32: 练字（俄） | DN32: 练字（俄） | DO32: 练字（俄） | DP32: 练字（英） | DQ32: 练字（英） | DR32: 练字（英） | DS32: 练字（语） | DT32: 地理 | DU32: 历史 | DV32: 自习（语） | DW32: 听力 | DX32: 练字（语） | DY32: 练字（语） | DZ32: 听力 | EA32: 练字（语） | EB32: 练字（语） | EC32: 政治 | ED32: 美术集训 | EE32: 历史 | EF32: 历史 | EG32: 地理 | EQ32: 听力 | ER32: 练字（语） | ES32: 练字（语） | ET32: 听力 | EU32: 生物 | EV32: 生物 | EW32: 物理 | EX32: 练字（语） | EY32: 听力 | EZ32: 地理 | FA32: 历史 | FB32: 美术集训 | FC32: 政治 | FD32: 地理 | FE32: 政治 | FF32: 听力（英） | FH32: 听力（俄） | FO32: 历史 | FP32: 生物 | FQ32: 地理 | FR32: 练字（语） | FS32: 生物 | FT32: 物理 | FU32: 地理 | FV32: 练字（语） | FW32: 练字（外） | FX32: 历史 | FY32: 历史 | FZ32: 美术集训 | GA32: 练字（语） | GB32: 练字（语） | GC32: 历史 | GM32: 地理 | GN32: 练字（外） | GO32: 练字（外） | GP32: 生物 | GQ32: 练字（外） | GR32: 练字（外） | GS32: 练字（外） | GT32: 练字（外） | GU32: 生物 | GV32: 听力 | GW32: 地理 | GX32: 美术集训 | GY32: 地理 | GZ32: 政治 | HA32: 练字（语） | HC32: 练字（英） | HE32: 练字（俄） | HK32: 生物 | HL32: 听力 | HM32: 听力 | HN32: 地理 | HO32: 听力 | HP32: 听力 | HQ32: 听力 | HR32: 听力 | HS32: 练字（语） | HT32: 练字（外） | HU32: 政治 | HV32: 美术集训 | HW32: 地理 | HX32: 练字（语） | HY32: 历史 | IA32: 听力（英） | IC32: 听力（俄） | II32: 练字（外） | IJ32: 历史 | IK32: 历史 | IL32: 练字（外） | IM32: 物理 | IN32: 化学 | IO32: 练字（语） | IP32: 物理 | IQ32: 地理 | IR32: 生物 | IS32: 听力 | IT32: 美术集训 | IU32: 听力 | IV32: 听力 | IW32: 听力 | IX32: 练字（英） | IZ32: 练字（俄） | JB32: 听力（俄） | JC32: 听力（俄） | JD32: 听力（英） | JE32: 听力（英） | JF32: 听力（英） | JG32: 地理 | JH32: 历史 | JI32: 生物 | JJ32: 历史 | JK32: 化学 | JL32: 物理 | JM32: 化学 | JN32: 化学 | JO32: 生物 | JP32: 生物 | JQ32: 练字（外） | JR32: 美术集训 | JS32: 练字（外） | JT32: 练字（外） | JU32: 练字（外） | JZ32: 练字（俄） | KA32: 练字（俄） | KB32: 练字（英） | KC32: 练字（英） | KD32: 练字（英）
C33: =IFERROR(VLOOKUP(C32,教师安排!$A:$Y,C$2+1,FALSE),"") -> 周兴玲 | D33: =IFERROR(VLOOKUP(D32,教师安排!$A:$Y,D$2+1,FALSE),"") -> 史振塞 | E33: =IFERROR(VLOOKUP(E32,教师安排!$A:$Y,E$2+1,FALSE),"") -> 杨彬 | F33: =IFERROR(VLOOKUP(F32,教师安排!$A:$Y,F$2+1,FALSE),"") -> 李会玲 | G33: =IFERROR(VLOOKUP(G32,教师安排!$A:$Y,G$2+1,FALSE),"") -> 李振铎 | H33: =IFERROR(VLOOKUP(H32,教师安排!$A:$Y,H$2+1,FALSE),"") -> 姜媛媛 | I33: =IFERROR(VLOOKUP(I32,教师安排!$A:$Y,I$2+1,FALSE),"") -> 孙锦锦 | J33: =IFERROR(VLOOKUP(J32,教师安排!$A:$Y,J$2+1,FALSE),"") -> 孙秋杰 | ... U33: =IFERROR(VLOOKUP(U32,教师安排!$A:$Y,U$2+1,FALSE),"") | W33: =IFERROR(VLOOKUP(W32,教师安排!$A:$Y,W$2+1,FALSE),"") | X33: =IFERROR(VLOOKUP(X32,教师安排!$A:$Y,X$2+1,FALSE),"") | Y33: =IFERROR(VLOOKUP(Y32,教师安排!$A:$Y,Y$2+1,FALSE),"") | Z33: =IFERROR(VLOOKUP(Z32,教师安排!$A:$Y,Z$2+1,FALSE),"") | AA33: =IFERROR(VLOOKUP(AA32,教师安排!$A:$Y,AA$2+1,FALSE),"") -> 岳/厉 | AB33: =IFERROR(VLOOKUP(AB32,教师安排!$A:$Y,AB$2+1,FALSE),"") -> 李会玲 | AC33: =IFERROR(VLOOKUP(AC32,教师安排!$A:$Y,AC$2+1,FALSE),"") -> 周兴玲 | AD33: =IFERROR(VLOOKUP(AD32,教师安排!$A:$Y,AD$2+1,FALSE),"") -> 岳/厉 | ... AS33: =IFERROR(VLOOKUP(AS32,教师安排!$A:$Y,AS$2+1,FALSE),"") | AU33: =IFERROR(VLOOKUP(AU32,教师安排!$A:$Y,AU$2+1,FALSE),"") | AV33: =IFERROR(VLOOKUP(AV32,教师安排!$A:$Y,AV$2+1,FALSE),"") | AW33: =IFERROR(VLOOKUP(AW32,教师安排!$A:$Y,AW$2+1,FALSE),"") | AX33: =IFERROR(VLOOKUP(AX32,教师安排!$A:$Y,AX$2+1,FALSE),"") | AY33: =IFERROR(VLOOKUP(AY32,教师安排!$A:$Y,AY$2+1,FALSE),"") -> 李雯 | AZ33: =IFERROR(VLOOKUP(AZ32,教师安排!$A:$Y,AZ$2+1,FALSE),"") -> 岳/厉 | BA33: =IFERROR(VLOOKUP(BA32,教师安排!$A:$Y,BA$2+1,FALSE),"") -> 岳/厉 | BB33: =IFERROR(VLOOKUP(BB32,教师安排!$A:$Y,BB$2+1,FALSE),"") -> 周兴玲 | ... BQ33: =IFERROR(VLOOKUP(BQ32,教师安排!$A:$Y,BQ$2+1,FALSE),"") -> 厉彦龙 | BS33: =IFERROR(VLOOKUP(BS32,教师安排!$A:$Y,BS$2+1,FALSE),"") | BT33: =IFERROR(VLOOKUP(BT32,教师安排!$A:$Y,BT$2+1,FALSE),"") | BU33: =IFERROR(VLOOKUP(BU32,教师安排!$A:$Y,BU$2+1,FALSE),"") | BV33: =IFERROR(VLOOKUP(BV32,教师安排!$A:$Y,BV$2+1,FALSE),"") | BW33: =IFERROR(VLOOKUP(BW32,教师安排!$A:$Y,BW$2+1,FALSE),"") -> 杨彬 | BX33: =IFERROR(VLOOKUP(BX32,教师安排!$A:$Y,BX$2+1,FALSE),"") -> 岳/厉 | BY33: =IFERROR(VLOOKUP(BY32,教师安排!$A:$Y,BY$2+1,FALSE),"") -> 岳/厉 | BZ33: =IFERROR(VLOOKUP(BZ32,教师安排!$A:$Y,BZ$2+1,FALSE),"") -> 李雯 | ... EK33: =IFERROR(VLOOKUP(EK32,教师安排!$A:$Y,EK$2+1,FALSE),"") | EM33: =IFERROR(VLOOKUP(EM32,教师安排!$A:$Y,EM$2+1,FALSE),"") | EN33: =IFERROR(VLOOKUP(EN32,教师安排!$A:$Y,EN$2+1,FALSE),"") | EO33: =IFERROR(VLOOKUP(EO32,教师安排!$A:$Y,EO$2+1,FALSE),"") | EP33: =IFERROR(VLOOKUP(EP32,教师安排!$A:$Y,EP$2+1,FALSE),"") | EQ33: =IFERROR(VLOOKUP(EQ32,教师安排!$A:$Y,EQ$2+1,FALSE),"") -> 岳/厉 | ER33: =IFERROR(VLOOKUP(ER32,教师安排!$A:$Y,ER$2+1,FALSE),"") -> 史振塞 | ES33: =IFERROR(VLOOKUP(ES32,教师安排!$A:$Y,ES$2+1,FALSE),"") -> 杨彬 | ET33: =IFERROR(VLOOKUP(ET32,教师安排!$A:$Y,ET$2+1,FALSE),"") -> 岳/厉 | ... FI33: =IFERROR(VLOOKUP(FI32,教师安排!$A:$Y,FI$2+1,FALSE),"") | FK33: =IFERROR(VLOOKUP(FK32,教师安排!$A:$Y,FK$2+1,FALSE),"") | FL33: =IFERROR(VLOOKUP(FL32,教师安排!$A:$Y,FL$2+1,FALSE),"") | FM33: =IFERROR(VLOOKUP(FM32,教师安排!$A:$Y,FM$2+1,FALSE),"") | FN33: =IFERROR(VLOOKUP(FN32,教师安排!$A:$Y,FN$2+1,FALSE),"") | FO33: =IFERROR(VLOOKUP(FO32,教师安排!$A:$Y,FO$2+1,FALSE),"") -> 李雯 | FP33: =IFERROR(VLOOKUP(FP32,教师安排!$A:$Y,FP$2+1,FALSE),"") -> 周兴玲 | FQ33: =IFERROR(VLOOKUP(FQ32,教师安排!$A:$Y,FQ$2+1,FALSE),"") -> 李会玲 | FR33: =IFERROR(VLOOKUP(FR32,教师安排!$A:$Y,FR$2+1,FALSE),"") -> 史振塞 | ... GG33: =IFERROR(VLOOKUP(GG32,教师安排!$A:$Y,GG$2+1,FALSE),"") | GI33: =IFERROR(VLOOKUP(GI32,教师安排!$A:$Y,GI$2+1,FALSE),"") | GJ33: =IFERROR(VLOOKUP(GJ32,教师安排!$A:$Y,GJ$2+1,FALSE),"") | GK33: =IFERROR(VLOOKUP(GK32,教师安排!$A:$Y,GK$2+1,FALSE),"") | GL33: =IFERROR(VLOOKUP(GL32,教师安排!$A:$Y,GL$2+1,FALSE),"") | GM33: =IFERROR(VLOOKUP(GM32,教师安排!$A:$Y,GM$2+1,FALSE),"") -> 李会玲 | GN33: =IFERROR(VLOOKUP(GN32,教师安排!$A:$Y,GN$2+1,FALSE),"") -> 岳/厉 | GO33: =IFERROR(VLOOKUP(GO32,教师安排!$A:$Y,GO$2+1,FALSE),"") -> 岳/厉 | GP33: =IFERROR(VLOOKUP(GP32,教师安排!$A:$Y,GP$2+1,FALSE),"") -> 周兴玲 | ... HE33: =IFERROR(VLOOKUP(HE32,教师安排!$A:$Y,HE$2+1,FALSE),"") -> 厉彦龙 | HG33: =IFERROR(VLOOKUP(HG32,教师安排!$A:$Y,HG$2+1,FALSE),"") | HH33: =IFERROR(VLOOKUP(HH32,教师安排!$A:$Y,HH$2+1,FALSE),"") | HI33: =IFERROR(VLOOKUP(HI32,教师安排!$A:$Y,HI$2+1,FALSE),"") | HJ33: =IFERROR(VLOOKUP(HJ32,教师安排!$A:$Y,HJ$2+1,FALSE),"") | HK33: =IFERROR(VLOOKUP(HK32,教师安排!$A:$Y,HK$2+1,FALSE),"") -> 周兴玲 | HL33: =IFERROR(VLOOKUP(HL32,教师安排!$A:$Y,HL$2+1,FALSE),"") -> 岳/厉 | HM33: =IFERROR(VLOOKUP(HM32,教师安排!$A:$Y,HM$2+1,FALSE),"") -> 岳/厉 | HN33: =IFERROR(VLOOKUP(HN32,教师安排!$A:$Y,HN$2+1,FALSE),"") -> 李会玲 | ... IC33: =IFERROR(VLOOKUP(IC32,教师安排!$A:$Y,IC$2+1,FALSE),"") -> 厉彦龙 | IE33: =IFERROR(VLOOKUP(IE32,教师安排!$A:$Y,IE$2+1,FALSE),"") | IF33: =IFERROR(VLOOKUP(IF32,教师安排!$A:$Y,IF$2+1,FALSE),"") | IG33: =IFERROR(VLOOKUP(IG32,教师安排!$A:$Y,IG$2+1,FALSE),"") | IH33: =IFERROR(VLOOKUP(IH32,教师安排!$A:$Y,IH$2+1,FALSE),"") | II33: =IFERROR(VLOOKUP(II32,教师安排!$A:$Y,II$2+1,FALSE),"") -> 岳/厉 | IJ33: =IFERROR(VLOOKUP(IJ32,教师安排!$A:$Y,IJ$2+1,FALSE),"") -> 田凤美 | IK33: =IFERROR(VLOOKUP(IK32,教师安排!$A:$Y,IK$2+1,FALSE),"") -> 李雯 | IL33: =IFERROR(VLOOKUP(IL32,教师安排!$A:$Y,IL$2+1,FALSE),"") -> 岳/厉 | ... KD33: =IFERROR(VLOOKUP(KD32,教师安排!$A:$Y,KD$2+1,FALSE),"") -> 胡存想
B34: 晚1 | C34: 自习（数） | D34: 阅读 | E34: 阅读 | F34: 自习（政） | G34: 自习（生） | H34: 阅读 | I34: 自习（地） | J34: 自习（化） | K34: 自习（外） | L34: 自习（地） | M34: 自习（数） | N34: 美术集训 | O34: 阅读 | P34: 自习（数） | Q34: 阅读 | AA34: 限时（历） | AB34: 限时（数） | AC34: 限时（政） | AD34: 限时（数） | AE34: 限时（外） | AF34: 自习（物） | AG34: 自习（化） | AH34: 限时（物） | AI34: 自习（数） | AJ34: 限时（地） | AK34: 自习（语） | AL34: 美术集训 | AM34: 自习（地） | AN34: 自习（政） | AO34: 自习（政） | AY34: 限时（外） | AZ34: 自习（政） | BA34: 限时（化） | BB34: 限时（外） | BC34: 限时（数） | BD34: 限时（数） | BE34: 限时（数） | BF34: 限时（地） | BG34: 限时（语） | BH34: 限时（数） | BI34: 自习（政） | BJ34: 美术集训 | BK34: 限时（地） | BL34: 限时（语） | BM34: 自习（历） | BN34: 限时（英） | BP34: 限时（俄） | BW34: 限时（物） | BX34: 限时（政） | BY34: 限时（历） | BZ34: 限时（数） | CA34: 限时（生） | CB34: 限时（生） | CC34: 限时（地） | CD34: 自习（地） | CE34: 自习（数） | CF34: 自习（数） | CG34: 自习（外） | CH34: 美术集训 | CI34: 自习（外） | CJ34: 自习（外） | CK34: 自习（外） | CP34: 自习（俄） | CQ34: 自习（俄） | CR34: 自习（英） | CS34: 自习（英） | CT34: 自习（英） | CU34: 限时（生） | CV34: 自习（数） | CW34: 自习（化） | CX34: 限时（地） | CY34: 自习（物） | CZ34: 限时（外） | DA34: 限时（外） | DB34: 限时（外） | DC34: 限时（语） | DD34: 限时（外） | DE34: 自习（历） | DF34: 美术集训 | DG34: 自习（数） | DH34: 自习（历） | DI34: 自习（数） | DS34: 自习（数） | DT34: 自习（数） | DU34: 自习（历） | DV34: 自习（地） | DW34: 自习（语） | DX34: 自习（数） | DY34: 自习（语） | DZ34: 自习（化） | EA34: 自习（数） | EB34: 自习（外） | EC34: 自习（数） | ED34: 美术集训 | EE34: 自习（历） | EF34: 自习（语） | EG34: 自习（数） | EQ34: 自习（外） | ER34: 自习（历） | ES34: 自习（物） | ET34: 自习（外） | EU34: 自习（外） | EV34: 自习（化） | EW34: 自习（物） | EX34: 自习（物） | EY34: 自习（生） | EZ34: 自习（生） | FA34: 自习（数） | FB34: 美术集训 | FC34: 自习（语） | FD34: 自习（地） | FE34: 自习（地） | FF34: 自习（英） | FH34: 自习（俄） | FO34: 自习（数） | FP34: 阅读 | FQ34: 阅读 | FR34: 自习（政） | FS34: 自习（生） | FT34: 自习（数） | FU34: 自习（地） | FV34: 自习（化） | FW34: 自习（外） | FX34: 自习（地） | FY34: 自习（数） | FZ34: 美术集训 | GA34: 阅读 | GB34: 自习（历） | GC34: 自习（历） | GM34: 限时（数） | GN34: 限时（语） | GO34: 限时（政） | GP34: 自习（化） | GQ34: 限时（外） | GR34: 自习（物） | GS34: 阅读 | GT34: 自习（物） | GU34: 自习（数） | GV34: 限时（地） | GW34: 自习（地） | GX34: 美术集训 | GY34: 限时（政） | GZ34: 限时（历） | HA34: 阅读 | HK34: 限时（外） | HL34: 自习（政） | HM34: 限时（化） | HN34: 限时（外） | HO34: 阅读 | HP34: 限时（生） | HQ34: 限时（数） | HR34: 限时（地） | HS34: 自习（数） | HT34: 自习（历） | HU34: 自习（政） | HV34: 美术集训 | HW34: 限时（地） | HX34: 自习（数） | HY34: 限时（政） | HZ34: 限时（英） | IB34: 限时（俄） | II34: 自习（物） | IJ34: 限时（政） | IK34: 自习（政） | IL34: 自习（历） | IM34: 限时（生） | IN34: 自习（生） | IO34: 限时（地） | IP34: 限时（语） | IQ34: 限时（数） | IR34: 自习（数） | IS34: 自习（外） | IT34: 美术集训 | IU34: 自习（外） | IV34: 自习（外） | IW34: 自习（外） | JB34: 自习（俄） | JC34: 自习（俄） | JD34: 自习（英） | JE34: 自习（英） | JF34: 自习（英） | JG34: 限时（生） | JH34: 自习（数） | JI34: 自习（化） | JJ34: 自习（历） | JK34: 自习（物） | JL34: 限时（外） | JM34: 限时（外） | JN34: 限时（外） | JO34: 自习（外） | JP34: 限时（外） | JQ34: 自习（历） | JR34: 美术集训 | JS34: 自习（数） | JT34: 自习（政） | JU34: 自习（数）
C35: =IFERROR(VLOOKUP(C34,教师安排!$A:$Y,C$2+1,FALSE),"") -> 侯淑贤 | D35: =IFERROR(VLOOKUP(D34,教师安排!$A:$Y,D$2+1,FALSE),"") -> 史振塞 | E35: =IFERROR(VLOOKUP(E34,教师安排!$A:$Y,E$2+1,FALSE),"") -> 杨彬 | F35: =IFERROR(VLOOKUP(F34,教师安排!$A:$Y,F$2+1,FALSE),"") -> 刘珊珊 | G35: =IFERROR(VLOOKUP(G34,教师安排!$A:$Y,G$2+1,FALSE),"") -> 刘腾 | H35: =IFERROR(VLOOKUP(H34,教师安排!$A:$Y,H$2+1,FALSE),"") -> 姜媛媛 | I35: =IFERROR(VLOOKUP(I34,教师安排!$A:$Y,I$2+1,FALSE),"") -> 孙锦锦 | J35: =IFERROR(VLOOKUP(J34,教师安排!$A:$Y,J$2+1,FALSE),"") -> 宋开元 | ... U35: =IFERROR(VLOOKUP(U34,教师安排!$A:$Y,U$2+1,FALSE),"") | W35: =IFERROR(VLOOKUP(W34,教师安排!$A:$Y,W$2+1,FALSE),"") | X35: =IFERROR(VLOOKUP(X34,教师安排!$A:$Y,X$2+1,FALSE),"") | Y35: =IFERROR(VLOOKUP(Y34,教师安排!$A:$Y,Y$2+1,FALSE),"") | Z35: =IFERROR(VLOOKUP(Z34,教师安排!$A:$Y,Z$2+1,FALSE),"") | AA35: =IFERROR(VLOOKUP(AA34,教师安排!$A:$Y,AA$2+1,FALSE),"") -> 李雯 | AB35: =IFERROR(VLOOKUP(AB34,教师安排!$A:$Y,AB$2+1,FALSE),"") -> 姚来朋 | AC35: =IFERROR(VLOOKUP(AC34,教师安排!$A:$Y,AC$2+1,FALSE),"") -> 张雯皓 | AD35: =IFERROR(VLOOKUP(AD34,教师安排!$A:$Y,AD$2+1,FALSE),"") -> 侯淑贤 | ... AS35: =IFERROR(VLOOKUP(AS34,教师安排!$A:$Y,AS$2+1,FALSE),"") | AU35: =IFERROR(VLOOKUP(AU34,教师安排!$A:$Y,AU$2+1,FALSE),"") | AV35: =IFERROR(VLOOKUP(AV34,教师安排!$A:$Y,AV$2+1,FALSE),"") | AW35: =IFERROR(VLOOKUP(AW34,教师安排!$A:$Y,AW$2+1,FALSE),"") | AX35: =IFERROR(VLOOKUP(AX34,教师安排!$A:$Y,AX$2+1,FALSE),"") | AY35: =IFERROR(VLOOKUP(AY34,教师安排!$A:$Y,AY$2+1,FALSE),"") -> 岳/厉 | AZ35: =IFERROR(VLOOKUP(AZ34,教师安排!$A:$Y,AZ$2+1,FALSE),"") -> 刘珊珊 | BA35: =IFERROR(VLOOKUP(BA34,教师安排!$A:$Y,BA$2+1,FALSE),"") -> 宋开元 | BB35: =IFERROR(VLOOKUP(BB34,教师安排!$A:$Y,BB$2+1,FALSE),"") -> 岳/厉 | ... BQ35: =IFERROR(VLOOKUP(BQ34,教师安排!$A:$Y,BQ$2+1,FALSE),"") | BS35: =IFERROR(VLOOKUP(BS34,教师安排!$A:$Y,BS$2+1,FALSE),"") | BT35: =IFERROR(VLOOKUP(BT34,教师安排!$A:$Y,BT$2+1,FALSE),"") | BU35: =IFERROR(VLOOKUP(BU34,教师安排!$A:$Y,BU$2+1,FALSE),"") | BV35: =IFERROR(VLOOKUP(BV34,教师安排!$A:$Y,BV$2+1,FALSE),"") | BW35: =IFERROR(VLOOKUP(BW34,教师安排!$A:$Y,BW$2+1,FALSE),"") -> 康波 | BX35: =IFERROR(VLOOKUP(BX34,教师安排!$A:$Y,BX$2+1,FALSE),"") -> 刘珊珊 | BY35: =IFERROR(VLOOKUP(BY34,教师安排!$A:$Y,BY$2+1,FALSE),"") -> 李雯 | BZ35: =IFERROR(VLOOKUP(BZ34,教师安排!$A:$Y,BZ$2+1,FALSE),"") -> 侯淑贤 | ... DM35: =IFERROR(VLOOKUP(DM34,教师安排!$A:$Y,DM$2+1,FALSE),"") | DO35: =IFERROR(VLOOKUP(DO34,教师安排!$A:$Y,DO$2+1,FALSE),"") | DP35: =IFERROR(VLOOKUP(DP34,教师安排!$A:$Y,DP$2+1,FALSE),"") | DQ35: =IFERROR(VLOOKUP(DQ34,教师安排!$A:$Y,DQ$2+1,FALSE),"") | DR35: =IFERROR(VLOOKUP(DR34,教师安排!$A:$Y,DR$2+1,FALSE),"") | DS35: =IFERROR(VLOOKUP(DS34,教师安排!$A:$Y,DS$2+1,FALSE),"") -> 侯淑贤 | DT35: =IFERROR(VLOOKUP(DT34,教师安排!$A:$Y,DT$2+1,FALSE),"") -> 姚来朋 | DU35: =IFERROR(VLOOKUP(DU34,教师安排!$A:$Y,DU$2+1,FALSE),"") -> 李雯 | DV35: =IFERROR(VLOOKUP(DV34,教师安排!$A:$Y,DV$2+1,FALSE),"") -> 李会玲 | ... EK35: =IFERROR(VLOOKUP(EK34,教师安排!$A:$Y,EK$2+1,FALSE),"") | EM35: =IFERROR(VLOOKUP(EM34,教师安排!$A:$Y,EM$2+1,FALSE),"") | EN35: =IFERROR(VLOOKUP(EN34,教师安排!$A:$Y,EN$2+1,FALSE),"") | EO35: =IFERROR(VLOOKUP(EO34,教师安排!$A:$Y,EO$2+1,FALSE),"") | EP35: =IFERROR(VLOOKUP(EP34,教师安排!$A:$Y,EP$2+1,FALSE),"") | EQ35: =IFERROR(VLOOKUP(EQ34,教师安排!$A:$Y,EQ$2+1,FALSE),"") -> 岳/厉 | ER35: =IFERROR(VLOOKUP(ER34,教师安排!$A:$Y,ER$2+1,FALSE),"") -> 田凤美 | ES35: =IFERROR(VLOOKUP(ES34,教师安排!$A:$Y,ES$2+1,FALSE),"") -> 张雨晴 | ET35: =IFERROR(VLOOKUP(ET34,教师安排!$A:$Y,ET$2+1,FALSE),"") -> 岳/厉 | ... FI35: =IFERROR(VLOOKUP(FI34,教师安排!$A:$Y,FI$2+1,FALSE),"") | FK35: =IFERROR(VLOOKUP(FK34,教师安排!$A:$Y,FK$2+1,FALSE),"") | FL35: =IFERROR(VLOOKUP(FL34,教师安排!$A:$Y,FL$2+1,FALSE),"") | FM35: =IFERROR(VLOOKUP(FM34,教师安排!$A:$Y,FM$2+1,FALSE),"") | FN35: =IFERROR(VLOOKUP(FN34,教师安排!$A:$Y,FN$2+1,FALSE),"") | FO35: =IFERROR(VLOOKUP(FO34,教师安排!$A:$Y,FO$2+1,FALSE),"") -> 侯淑贤 | FP35: =IFERROR(VLOOKUP(FP34,教师安排!$A:$Y,FP$2+1,FALSE),"") -> 史振塞 | FQ35: =IFERROR(VLOOKUP(FQ34,教师安排!$A:$Y,FQ$2+1,FALSE),"") -> 杨彬 | FR35: =IFERROR(VLOOKUP(FR34,教师安排!$A:$Y,FR$2+1,FALSE),"") -> 刘珊珊 | ... GG35: =IFERROR(VLOOKUP(GG34,教师安排!$A:$Y,GG$2+1,FALSE),"") | GI35: =IFERROR(VLOOKUP(GI34,教师安排!$A:$Y,GI$2+1,FALSE),"") | GJ35: =IFERROR(VLOOKUP(GJ34,教师安排!$A:$Y,GJ$2+1,FALSE),"") | GK35: =IFERROR(VLOOKUP(GK34,教师安排!$A:$Y,GK$2+1,FALSE),"") | GL35: =IFERROR(VLOOKUP(GL34,教师安排!$A:$Y,GL$2+1,FALSE),"") | GM35: =IFERROR(VLOOKUP(GM34,教师安排!$A:$Y,GM$2+1,FALSE),"") -> 侯淑贤 | GN35: =IFERROR(VLOOKUP(GN34,教师安排!$A:$Y,GN$2+1,FALSE),"") -> 史振塞 | GO35: =IFERROR(VLOOKUP(GO34,教师安排!$A:$Y,GO$2+1,FALSE),"") -> 张雯皓 | GP35: =IFERROR(VLOOKUP(GP34,教师安排!$A:$Y,GP$2+1,FALSE),"") -> 马崇庆 | ... HE35: =IFERROR(VLOOKUP(HE34,教师安排!$A:$Y,HE$2+1,FALSE),"") | HG35: =IFERROR(VLOOKUP(HG34,教师安排!$A:$Y,HG$2+1,FALSE),"") | HH35: =IFERROR(VLOOKUP(HH34,教师安排!$A:$Y,HH$2+1,FALSE),"") | HI35: =IFERROR(VLOOKUP(HI34,教师安排!$A:$Y,HI$2+1,FALSE),"") | HJ35: =IFERROR(VLOOKUP(HJ34,教师安排!$A:$Y,HJ$2+1,FALSE),"") | HK35: =IFERROR(VLOOKUP(HK34,教师安排!$A:$Y,HK$2+1,FALSE),"") -> 岳/厉 | HL35: =IFERROR(VLOOKUP(HL34,教师安排!$A:$Y,HL$2+1,FALSE),"") -> 刘珊珊 | HM35: =IFERROR(VLOOKUP(HM34,教师安排!$A:$Y,HM$2+1,FALSE),"") -> 宋开元 | HN35: =IFERROR(VLOOKUP(HN34,教师安排!$A:$Y,HN$2+1,FALSE),"") -> 岳/厉 | ... IC35: =IFERROR(VLOOKUP(IC34,教师安排!$A:$Y,IC$2+1,FALSE),"") | IE35: =IFERROR(VLOOKUP(IE34,教师安排!$A:$Y,IE$2+1,FALSE),"") | IF35: =IFERROR(VLOOKUP(IF34,教师安排!$A:$Y,IF$2+1,FALSE),"") | IG35: =IFERROR(VLOOKUP(IG34,教师安排!$A:$Y,IG$2+1,FALSE),"") | IH35: =IFERROR(VLOOKUP(IH34,教师安排!$A:$Y,IH$2+1,FALSE),"") | II35: =IFERROR(VLOOKUP(II34,教师安排!$A:$Y,II$2+1,FALSE),"") -> 康波 | IJ35: =IFERROR(VLOOKUP(IJ34,教师安排!$A:$Y,IJ$2+1,FALSE),"") -> 刘珊珊 | IK35: =IFERROR(VLOOKUP(IK34,教师安排!$A:$Y,IK$2+1,FALSE),"") -> 张雯皓 | IL35: =IFERROR(VLOOKUP(IL34,教师安排!$A:$Y,IL$2+1,FALSE),"") -> 李雯 | ... JY35: =IFERROR(VLOOKUP(JY34,教师安排!$A:$Y,JY$2+1,FALSE),"") | KA35: =IFERROR(VLOOKUP(KA34,教师安排!$A:$Y,KA$2+1,FALSE),"") | KB35: =IFERROR(VLOOKUP(KB34,教师安排!$A:$Y,KB$2+1,FALSE),"") | KC35: =IFERROR(VLOOKUP(KC34,教师安排!$A:$Y,KC$2+1,FALSE),"") | KD35: =IFERROR(VLOOKUP(KD34,教师安排!$A:$Y,KD$2+1,FALSE),"")
B36: 晚2 | C36: 阅读 | D36: 自习（生） | E36: 限时（地） | F36: 自习（数） | G36: 自习（化） | H36: 自习（语） | I36: 自习（地） | J36: 自习（语） | K36: 自习（外） | L36: 阅读 | M36: 限时（历） | N36: 美术集训 | O36: 自习（数） | P36: 自习（数） | Q36: 自习（地） | AA36: 限时（数） | AB36: 自习（地） | AC36: 自习（数） | AD36: 自习（化） | AE36: 自习（物） | AF36: 自习（化） | AG36: 阅读 | AH36: 自习（物） | AI36: 自习（数） | AJ36: 限时（历） | AK36: 自习（语） | AL36: 美术集训 | AM36: 自习（政） | AN36: 自习（地） | AO36: 自习（地） | AY36: 限时（政） | AZ36: 限时（外） | BA36: 限时（外） | BB36: 自习（生） | BC36: 限时（语） | BD36: 限时（语） | BE36: 自习（化） | BF36: 自习（化） | BG36: 限时（地） | BH36: 自习（生） | BI36: 自习（政） | BJ36: 美术集训 | BK36: 限时（数） | BL36: 自习（数） | BM36: 限时（历） | BO36: 限时（英） | BQ36: 限时（俄） | BW36: 自习（数） | BX36: 自习（外） | BY36: 自习（外） | BZ36: 限时（语） | CA36: 限时（物） | CB36: 自习（外） | CC36: 自习（外） | CD36: 自习（外） | CE36: 限时（生） | CF36: 自习（外） | CG36: 限时（语） | CH36: 美术集训 | CI36: 限时（语） | CJ36: 限时（政） | CK36: 限时（政） | CM36: 自习（英） | CO36: 自习（俄） | CU36: 自习（语） | CV36: 自习（化） | CW36: 限时（生） | CX36: 限时（化） | CY36: 自习（外） | CZ36: 自习（物） | DA36: 自习（外） | DB36: 自习（外） | DC36: 自习（生） | DD36: 自习（外） | DE36: 自习（历） | DF36: 美术集训 | DG36: 自习（数） | DH36: 自习（历） | DI36: 自习（数） | DS36: 自习（生） | DT36: 自习（物） | DU36: 自习（数） | DV36: 自习（地） | DW36: 自习（语） | DX36: 自习（语） | DY36: 自习（化） | DZ36: 自习（外） | EA36: 自习（数） | EB36: 自习（数） | EC36: 限时（政） | ED36: 美术集训 | EE36: 自习（数） | EF36: 自习（数） | EG36: 自习（历） | EQ36: 自习（外） | ER36: 自习（语） | ES36: 自习（语） | ET36: 自习（外） | EU36: 自习（化） | EV36: 自习（生） | EW36: 自习（数） | EX36: 自习（物） | EY36: 自习（地） | EZ36: 自习（地） | FA36: 自习（历） | FB36: 美术集训 | FC36: 自习（语） | FD36: 自习（地） | FE36: 自习（语） | FF36: 自习（英） | FH36: 自习（俄） | FO36: 阅读 | FP36: 自习（生） | FQ36: 限时（地） | FR36: 自习（数） | FS36: 自习（化） | FT36: 自习（数） | FU36: 自习（地） | FV36: 自习（地） | FW36: 自习（外） | FX36: 阅读 | FY36: 限时（历） | FZ36: 美术集训 | GA36: 自习（数） | GB36: 阅读 | GC36: 自习（语） | GM36: 限时（历） | GN36: 自习（地） | GO36: 自习（数） | GP36: 限时（数） | GQ36: 自习（物） | GR36: 限时（化） | GS36: 自习（化） | GT36: 自习（物） | GU36: 自习（数） | GV36: 限时（历） | GW36: 自习（语） | GX36: 美术集训 | GY36: 自习（政） | GZ36: 自习（地） | HA36: 自习（地） | HK36: 限时（政） | HL36: 限时（外） | HM36: 限时（外） | HN36: 自习（生） | HO36: 自习（数） | HP36: 限时（语） | HQ36: 自习（化） | HR36: 自习（化） | HS36: 限时（语） | HT36: 限时（数） | HU36: 自习（政） | HV36: 美术集训 | HW36: 限时（数） | HX36: 自习（数） | HY36: 限时（历） | IA36: 限时（英） | IC36: 限时（俄） | II36: 限时（数） | IJ36: 自习（外） | IK36: 自习（外） | IL36: 限时（历） | IM36: 限时（物） | IN36: 自习（外） | IO36: 自习（外） | IP36: 自习（数） | IQ36: 限时（历） | IR36: 限时（语） | IS36: 限时（语） | IT36: 美术集训 | IU36: 自习（数） | IV36: 限时（政） | IW36: 自习（政） | IY36: 自习（英） | JA36: 自习（俄） | JG36: 自习（语） | JH36: 自习（化） | JI36: 限时（生） | JJ36: 限时（化） | JK36: 自习（外） | JL36: 自习（外） | JM36: 自习（外） | JN36: 自习（外） | JO36: 限时（语） | JP36: 自习（外） | JQ36: 自习（数） | JR36: 美术集训 | JS36: 自习（政） | JT36: 自习（历） | JU36: 自习（数）
C37: =IFERROR(VLOOKUP(C36,教师安排!$A:$Y,C$2+1,FALSE),"") -> 杨彬 | D37: =IFERROR(VLOOKUP(D36,教师安排!$A:$Y,D$2+1,FALSE),"") -> 周兴玲 | E37: =IFERROR(VLOOKUP(E36,教师安排!$A:$Y,E$2+1,FALSE),"") -> 李会玲 | F37: =IFERROR(VLOOKUP(F36,教师安排!$A:$Y,F$2+1,FALSE),"") -> 侯淑贤 | G37: =IFERROR(VLOOKUP(G36,教师安排!$A:$Y,G$2+1,FALSE),"") -> 李振铎 | H37: =IFERROR(VLOOKUP(H36,教师安排!$A:$Y,H$2+1,FALSE),"") -> 姜媛媛 | I37: =IFERROR(VLOOKUP(I36,教师安排!$A:$Y,I$2+1,FALSE),"") -> 孙锦锦 | J37: =IFERROR(VLOOKUP(J36,教师安排!$A:$Y,J$2+1,FALSE),"") -> 路睿 | ... U37: =IFERROR(VLOOKUP(U36,教师安排!$A:$Y,U$2+1,FALSE),"") | W37: =IFERROR(VLOOKUP(W36,教师安排!$A:$Y,W$2+1,FALSE),"") | X37: =IFERROR(VLOOKUP(X36,教师安排!$A:$Y,X$2+1,FALSE),"") | Y37: =IFERROR(VLOOKUP(Y36,教师安排!$A:$Y,Y$2+1,FALSE),"") | Z37: =IFERROR(VLOOKUP(Z36,教师安排!$A:$Y,Z$2+1,FALSE),"") | AA37: =IFERROR(VLOOKUP(AA36,教师安排!$A:$Y,AA$2+1,FALSE),"") -> 侯淑贤 | AB37: =IFERROR(VLOOKUP(AB36,教师安排!$A:$Y,AB$2+1,FALSE),"") -> 李会玲 | AC37: =IFERROR(VLOOKUP(AC36,教师安排!$A:$Y,AC$2+1,FALSE),"") -> 姚来朋 | AD37: =IFERROR(VLOOKUP(AD36,教师安排!$A:$Y,AD$2+1,FALSE),"") -> 马崇庆 | ... AS37: =IFERROR(VLOOKUP(AS36,教师安排!$A:$Y,AS$2+1,FALSE),"") | AU37: =IFERROR(VLOOKUP(AU36,教师安排!$A:$Y,AU$2+1,FALSE),"") | AV37: =IFERROR(VLOOKUP(AV36,教师安排!$A:$Y,AV$2+1,FALSE),"") | AW37: =IFERROR(VLOOKUP(AW36,教师安排!$A:$Y,AW$2+1,FALSE),"") | AX37: =IFERROR(VLOOKUP(AX36,教师安排!$A:$Y,AX$2+1,FALSE),"") | AY37: =IFERROR(VLOOKUP(AY36,教师安排!$A:$Y,AY$2+1,FALSE),"") -> 刘珊珊 | AZ37: =IFERROR(VLOOKUP(AZ36,教师安排!$A:$Y,AZ$2+1,FALSE),"") -> 岳/厉 | BA37: =IFERROR(VLOOKUP(BA36,教师安排!$A:$Y,BA$2+1,FALSE),"") -> 岳/厉 | BB37: =IFERROR(VLOOKUP(BB36,教师安排!$A:$Y,BB$2+1,FALSE),"") -> 周兴玲 | ... BQ37: =IFERROR(VLOOKUP(BQ36,教师安排!$A:$Y,BQ$2+1,FALSE),"") -> 厉彦龙 | BS37: =IFERROR(VLOOKUP(BS36,教师安排!$A:$Y,BS$2+1,FALSE),"") | BT37: =IFERROR(VLOOKUP(BT36,教师安排!$A:$Y,BT$2+1,FALSE),"") | BU37: =IFERROR(VLOOKUP(BU36,教师安排!$A:$Y,BU$2+1,FALSE),"") | BV37: =IFERROR(VLOOKUP(BV36,教师安排!$A:$Y,BV$2+1,FALSE),"") | BW37: =IFERROR(VLOOKUP(BW36,教师安排!$A:$Y,BW$2+1,FALSE),"") -> 侯淑贤 | BX37: =IFERROR(VLOOKUP(BX36,教师安排!$A:$Y,BX$2+1,FALSE),"") -> 岳/厉 | BY37: =IFERROR(VLOOKUP(BY36,教师安排!$A:$Y,BY$2+1,FALSE),"") -> 岳/厉 | BZ37: =IFERROR(VLOOKUP(BZ36,教师安排!$A:$Y,BZ$2+1,FALSE),"") -> 史振塞 | ... CP37: =IFERROR(VLOOKUP(CP36,教师安排!$A:$Y,CP$2+1,FALSE),"") | CR37: =IFERROR(VLOOKUP(CR36,教师安排!$A:$Y,CR$2+1,FALSE),"") | CS37: =IFERROR(VLOOKUP(CS36,教师安排!$A:$Y,CS$2+1,FALSE),"") | CT37: =IFERROR(VLOOKUP(CT36,教师安排!$A:$Y,CT$2+1,FALSE),"") | CU37: =IFERROR(VLOOKUP(CU36,教师安排!$A:$Y,CU$2+1,FALSE),"") -> 杨彬 | CV37: =IFERROR(VLOOKUP(CV36,教师安排!$A:$Y,CV$2+1,FALSE),"") -> 宋开元 | CW37: =IFERROR(VLOOKUP(CW36,教师安排!$A:$Y,CW$2+1,FALSE),"") -> 周兴玲 | CX37: =IFERROR(VLOOKUP(CX36,教师安排!$A:$Y,CX$2+1,FALSE),"") -> 马崇庆 | CY37: =IFERROR(VLOOKUP(CY36,教师安排!$A:$Y,CY$2+1,FALSE),"") -> 王灼 | ... DM37: =IFERROR(VLOOKUP(DM36,教师安排!$A:$Y,DM$2+1,FALSE),"") | DO37: =IFERROR(VLOOKUP(DO36,教师安排!$A:$Y,DO$2+1,FALSE),"") | DP37: =IFERROR(VLOOKUP(DP36,教师安排!$A:$Y,DP$2+1,FALSE),"") | DQ37: =IFERROR(VLOOKUP(DQ36,教师安排!$A:$Y,DQ$2+1,FALSE),"") | DR37: =IFERROR(VLOOKUP(DR36,教师安排!$A:$Y,DR$2+1,FALSE),"") | DS37: =IFERROR(VLOOKUP(DS36,教师安排!$A:$Y,DS$2+1,FALSE),"") -> 周兴玲 | DT37: =IFERROR(VLOOKUP(DT36,教师安排!$A:$Y,DT$2+1,FALSE),"") -> 张雨晴 | DU37: =IFERROR(VLOOKUP(DU36,教师安排!$A:$Y,DU$2+1,FALSE),"") -> 姚来朋 | DV37: =IFERROR(VLOOKUP(DV36,教师安排!$A:$Y,DV$2+1,FALSE),"") -> 李会玲 | ... EK37: =IFERROR(VLOOKUP(EK36,教师安排!$A:$Y,EK$2+1,FALSE),"") | EM37: =IFERROR(VLOOKUP(EM36,教师安排!$A:$Y,EM$2+1,FALSE),"") | EN37: =IFERROR(VLOOKUP(EN36,教师安排!$A:$Y,EN$2+1,FALSE),"") | EO37: =IFERROR(VLOOKUP(EO36,教师安排!$A:$Y,EO$2+1,FALSE),"") | EP37: =IFERROR(VLOOKUP(EP36,教师安排!$A:$Y,EP$2+1,FALSE),"") | EQ37: =IFERROR(VLOOKUP(EQ36,教师安排!$A:$Y,EQ$2+1,FALSE),"") -> 岳/厉 | ER37: =IFERROR(VLOOKUP(ER36,教师安排!$A:$Y,ER$2+1,FALSE),"") -> 史振塞 | ES37: =IFERROR(VLOOKUP(ES36,教师安排!$A:$Y,ES$2+1,FALSE),"") -> 杨彬 | ET37: =IFERROR(VLOOKUP(ET36,教师安排!$A:$Y,ET$2+1,FALSE),"") -> 岳/厉 | ... FI37: =IFERROR(VLOOKUP(FI36,教师安排!$A:$Y,FI$2+1,FALSE),"") | FK37: =IFERROR(VLOOKUP(FK36,教师安排!$A:$Y,FK$2+1,FALSE),"") | FL37: =IFERROR(VLOOKUP(FL36,教师安排!$A:$Y,FL$2+1,FALSE),"") | FM37: =IFERROR(VLOOKUP(FM36,教师安排!$A:$Y,FM$2+1,FALSE),"") | FN37: =IFERROR(VLOOKUP(FN36,教师安排!$A:$Y,FN$2+1,FALSE),"") | FO37: =IFERROR(VLOOKUP(FO36,教师安排!$A:$Y,FO$2+1,FALSE),"") -> 杨彬 | FP37: =IFERROR(VLOOKUP(FP36,教师安排!$A:$Y,FP$2+1,FALSE),"") -> 周兴玲 | FQ37: =IFERROR(VLOOKUP(FQ36,教师安排!$A:$Y,FQ$2+1,FALSE),"") -> 李会玲 | FR37: =IFERROR(VLOOKUP(FR36,教师安排!$A:$Y,FR$2+1,FALSE),"") -> 侯淑贤 | ... GG37: =IFERROR(VLOOKUP(GG36,教师安排!$A:$Y,GG$2+1,FALSE),"") | GI37: =IFERROR(VLOOKUP(GI36,教师安排!$A:$Y,GI$2+1,FALSE),"") | GJ37: =IFERROR(VLOOKUP(GJ36,教师安排!$A:$Y,GJ$2+1,FALSE),"") | GK37: =IFERROR(VLOOKUP(GK36,教师安排!$A:$Y,GK$2+1,FALSE),"") | GL37: =IFERROR(VLOOKUP(GL36,教师安排!$A:$Y,GL$2+1,FALSE),"") | GM37: =IFERROR(VLOOKUP(GM36,教师安排!$A:$Y,GM$2+1,FALSE),"") -> 李雯 | GN37: =IFERROR(VLOOKUP(GN36,教师安排!$A:$Y,GN$2+1,FALSE),"") -> 李会玲 | GO37: =IFERROR(VLOOKUP(GO36,教师安排!$A:$Y,GO$2+1,FALSE),"") -> 姚来朋 | GP37: =IFERROR(VLOOKUP(GP36,教师安排!$A:$Y,GP$2+1,FALSE),"") -> 侯淑贤 | ... HE37: =IFERROR(VLOOKUP(HE36,教师安排!$A:$Y,HE$2+1,FALSE),"") | HG37: =IFERROR(VLOOKUP(HG36,教师安排!$A:$Y,HG$2+1,FALSE),"") | HH37: =IFERROR(VLOOKUP(HH36,教师安排!$A:$Y,HH$2+1,FALSE),"") | HI37: =IFERROR(VLOOKUP(HI36,教师安排!$A:$Y,HI$2+1,FALSE),"") | HJ37: =IFERROR(VLOOKUP(HJ36,教师安排!$A:$Y,HJ$2+1,FALSE),"") | HK37: =IFERROR(VLOOKUP(HK36,教师安排!$A:$Y,HK$2+1,FALSE),"") -> 刘珊珊 | HL37: =IFERROR(VLOOKUP(HL36,教师安排!$A:$Y,HL$2+1,FALSE),"") -> 岳/厉 | HM37: =IFERROR(VLOOKUP(HM36,教师安排!$A:$Y,HM$2+1,FALSE),"") -> 岳/厉 | HN37: =IFERROR(VLOOKUP(HN36,教师安排!$A:$Y,HN$2+1,FALSE),"") -> 周兴玲 | ... IC37: =IFERROR(VLOOKUP(IC36,教师安排!$A:$Y,IC$2+1,FALSE),"") -> 厉彦龙 | IE37: =IFERROR(VLOOKUP(IE36,教师安排!$A:$Y,IE$2+1,FALSE),"") | IF37: =IFERROR(VLOOKUP(IF36,教师安排!$A:$Y,IF$2+1,FALSE),"") | IG37: =IFERROR(VLOOKUP(IG36,教师安排!$A:$Y,IG$2+1,FALSE),"") | IH37: =IFERROR(VLOOKUP(IH36,教师安排!$A:$Y,IH$2+1,FALSE),"") | II37: =IFERROR(VLOOKUP(II36,教师安排!$A:$Y,II$2+1,FALSE),"") -> 侯淑贤 | IJ37: =IFERROR(VLOOKUP(IJ36,教师安排!$A:$Y,IJ$2+1,FALSE),"") -> 岳/厉 | IK37: =IFERROR(VLOOKUP(IK36,教师安排!$A:$Y,IK$2+1,FALSE),"") -> 岳/厉 | IL37: =IFERROR(VLOOKUP(IL36,教师安排!$A:$Y,IL$2+1,FALSE),"") -> 李雯 | ... JA37: =IFERROR(VLOOKUP(JA36,教师安排!$A:$Y,JA$2+1,FALSE),"") -> 厉彦龙 | JC37: =IFERROR(VLOOKUP(JC36,教师安排!$A:$Y,JC$2+1,FALSE),"") | JD37: =IFERROR(VLOOKUP(JD36,教师安排!$A:$Y,JD$2+1,FALSE),"") | JE37: =IFERROR(VLOOKUP(JE36,教师安排!$A:$Y,JE$2+1,FALSE),"") | JF37: =IFERROR(VLOOKUP(JF36,教师安排!$A:$Y,JF$2+1,FALSE),"") | JG37: =IFERROR(VLOOKUP(JG36,教师安排!$A:$Y,JG$2+1,FALSE),"") -> 杨彬 | JH37: =IFERROR(VLOOKUP(JH36,教师安排!$A:$Y,JH$2+1,FALSE),"") -> 宋开元 | JI37: =IFERROR(VLOOKUP(JI36,教师安排!$A:$Y,JI$2+1,FALSE),"") -> 周兴玲 | JJ37: =IFERROR(VLOOKUP(JJ36,教师安排!$A:$Y,JJ$2+1,FALSE),"") -> 马崇庆 | ... JY37: =IFERROR(VLOOKUP(JY36,教师安排!$A:$Y,JY$2+1,FALSE),"") | KA37: =IFERROR(VLOOKUP(KA36,教师安排!$A:$Y,KA$2+1,FALSE),"") | KB37: =IFERROR(VLOOKUP(KB36,教师安排!$A:$Y,KB$2+1,FALSE),"") | KC37: =IFERROR(VLOOKUP(KC36,教师安排!$A:$Y,KC$2+1,FALSE),"") | KD37: =IFERROR(VLOOKUP(KD36,教师安排!$A:$Y,KD$2+1,FALSE),"")
B38: 晚3 | C38: 自习（生） | D38: 自习（外） | E38: 自习（外） | F38: 阅读 | G38: 自习（化） | H38: 自习（数） | I38: 自习（数） | J38: 阅读 | K38: 自习（生） | L38: 自习（数） | M38: 自习（地） | N38: 美术集训 | O38: 限时（历） | P38: 阅读 | Q38: 自习（地） | S38: 自习（英） | U38: 自习（俄） | AA38: 自习（地） | AB38: 自习（数） | AC38: 自习（政） | AD38: 限时（物） | AE38: 自习（外） | AF38: 自习（外） | AG38: 自习（外） | AH38: 自习（地） | AI38: 自习（地） | AJ38: 自习（外） | AK38: 自习（地） | AL38: 美术集训 | AM38: 限时（政） | AN38: 限时（历） | AO38: 自习（语） | AY38: 限时（化） | AZ38: 限时（语） | BA38: 限时（语） | BB38: 限时（政） | BC38: 自习（数） | BD38: 自习（数） | BE38: 限时（语） | BF38: 限时（化） | BG38: 阅读 | BH38: 限时（生） | BI38: 限时（数） | BJ38: 美术集训 | BK38: 自习（历） | BL38: 自习（语） | BM38: 限时（数） | BW38: 自习（外） | BX38: 自习（历） | BY38: 自习（历） | BZ38: 自习（外） | CA38: 自习（数） | CB38: 自习（外） | CC38: 限时（物） | CD38: 自习（外） | CE38: 限时（外） | CF38: 限时（语） | CG38: 自习（语） | CH38: 美术集训 | CI38: 自习（政） | CJ38: 自习（地） | CK38: 自习（数） | CL38: 自习（英） | CN38: 自习（俄） | CU38: 自习（化） | CV38: 限时（生） | CW38: 限时（数） | CX38: 自习（地） | CY38: 限时（生） | CZ38: 自习（生） | DA38: 自习（数） | DB38: 自习（数） | DC38: 限时（历） | DD38: 自习（历） | DE38: 限时（外） | DF38: 美术集训 | DG38: 限时（外） | DH38: 限时（外） | DI38: 限时（外） | DN38: 限时（俄） | DO38: 限时（俄） | DP38: 限时（英） | DQ38: 限时（英） | DR38: 限时（英） | DS38: 自习（数） | DT38: 自习（数） | DU38: 自习（地） | DV38: 自习（历） | DW38: 自习（数） | DX38: 自习（数） | DY38: 自习（语） | DZ38: 自习（数） | EA38: 自习（语） | EB38: 自习（数） | EC38: 自习（外） | ED38: 美术集训 | EE38: 自习（外） | EF38: 自习（外） | EG38: 自习（外） | EL38: 自习（俄） | EM38: 自习（俄） | EN38: 自习（英） | EO38: 自习（英） | EP38: 自习（英） | EQ38: 自习（政） | ER38: 自习（外） | ES38: 自习（外） | ET38: 自习（语） | EU38: 自习（化） | EV38: 自习（物） | EW38: 自习（地） | EX38: 自习（物） | EY38: 自习（外） | EZ38: 自习（语） | FA38: 自习（数） | FB38: 美术集训 | FC38: 自习（地） | FD38: 自习（政） | FE38: 自习（政） | FG38: 自习（英） | FI38: 自习（俄） | FO38: 自习（生） | FP38: 自习（外） | FQ38: 自习（外） | FR38: 阅读 | FS38: 自习（化） | FT38: 阅读 | FU38: 自习（数） | FV38: 阅读 | FW38: 自习（生） | FX38: 自习（数） | FY38: 自习（历） | FZ38: 美术集训 | GA38: 限时（历） | GB38: 自习（数） | GC38: 自习（地） | GE38: 自习（英） | GG38: 自习（俄） | GM38: 限时（物） | GN38: 限时（地） | GO38: 限时（历） | GP38: 限时（语） | GQ38: 自习（外） | GR38: 自习（化） | GS38: 自习（外） | GT38: 自习（外） | GU38: 阅读 | GV38: 自习（历） | GW38: 自习（地） | GX38: 美术集训 | GY38: 自习（地） | GZ38: 自习（政） | HA38: 自习（语） | HK38: 限时（化） | HL38: 限时（数） | HM38: 限时（语） | HN38: 限时（政） | HO38: 限时（数） | HP38: 自习（数） | HQ38: 自习（语） | HR38: 限时（化） | HS38: 自习（地） | HT38: 限时（生） | HU38: 限时（数） | HV38: 美术集训 | HW38: 自习（历） | HX38: 限时（语） | HY38: 限时（数） | II38: 自习（外） | IJ38: 自习（历） | IK38: 自习（历） | IL38: 自习（外） | IM38: 自习（数） | IN38: 自习（外） | IO38: 限时（物） | IP38: 自习（语） | IQ38: 限时（生） | IR38: 自习（外） | IS38: 限时（政） | IT38: 美术集训 | IU38: 限时（语） | IV38: 限时（地） | IW38: 自习（数） | IX38: 自习（英） | IZ38: 自习（俄） | JG38: 自习（化） | JH38: 限时（生） | JI38: 限时（数） | JJ38: 限时（地） | JK38: 限时（化） | JL38: 自习（生） | JM38: 自习（物） | JN38: 自习（数） | JO38: 自习（历） | JP38: 自习（历） | JQ38: 自习（外） | JR38: 美术集训 | JS38: 限时（外） | JT38: 限时（外） | JU38: 限时（外） | JZ38: 自习（俄） | KA38: 限时（俄） | KB38: 限时（英） | KC38: 限时（英） | KD38: 限时（英）
C39: =IFERROR(VLOOKUP(C38,教师安排!$A:$Y,C$2+1,FALSE),"") -> 周兴玲 | D39: =IFERROR(VLOOKUP(D38,教师安排!$A:$Y,D$2+1,FALSE),"") -> 岳/厉 | E39: =IFERROR(VLOOKUP(E38,教师安排!$A:$Y,E$2+1,FALSE),"") -> 岳/厉 | F39: =IFERROR(VLOOKUP(F38,教师安排!$A:$Y,F$2+1,FALSE),"") -> 史振塞 | G39: =IFERROR(VLOOKUP(G38,教师安排!$A:$Y,G$2+1,FALSE),"") -> 李振铎 | H39: =IFERROR(VLOOKUP(H38,教师安排!$A:$Y,H$2+1,FALSE),"") -> 王露 | I39: =IFERROR(VLOOKUP(I38,教师安排!$A:$Y,I$2+1,FALSE),"") -> 范林林 | J39: =IFERROR(VLOOKUP(J38,教师安排!$A:$Y,J$2+1,FALSE),"") -> 路睿 | ... U39: =IFERROR(VLOOKUP(U38,教师安排!$A:$Y,U$2+1,FALSE),"") -> 厉彦龙 | W39: =IFERROR(VLOOKUP(W38,教师安排!$A:$Y,W$2+1,FALSE),"") | X39: =IFERROR(VLOOKUP(X38,教师安排!$A:$Y,X$2+1,FALSE),"") | Y39: =IFERROR(VLOOKUP(Y38,教师安排!$A:$Y,Y$2+1,FALSE),"") | Z39: =IFERROR(VLOOKUP(Z38,教师安排!$A:$Y,Z$2+1,FALSE),"") | AA39: =IFERROR(VLOOKUP(AA38,教师安排!$A:$Y,AA$2+1,FALSE),"") -> 李会玲 | AB39: =IFERROR(VLOOKUP(AB38,教师安排!$A:$Y,AB$2+1,FALSE),"") -> 姚来朋 | AC39: =IFERROR(VLOOKUP(AC38,教师安排!$A:$Y,AC$2+1,FALSE),"") -> 张雯皓 | AD39: =IFERROR(VLOOKUP(AD38,教师安排!$A:$Y,AD$2+1,FALSE),"") -> 康波 | ... AS39: =IFERROR(VLOOKUP(AS38,教师安排!$A:$Y,AS$2+1,FALSE),"") | AU39: =IFERROR(VLOOKUP(AU38,教师安排!$A:$Y,AU$2+1,FALSE),"") | AV39: =IFERROR(VLOOKUP(AV38,教师安排!$A:$Y,AV$2+1,FALSE),"") | AW39: =IFERROR(VLOOKUP(AW38,教师安排!$A:$Y,AW$2+1,FALSE),"") | AX39: =IFERROR(VLOOKUP(AX38,教师安排!$A:$Y,AX$2+1,FALSE),"") | AY39: =IFERROR(VLOOKUP(AY38,教师安排!$A:$Y,AY$2+1,FALSE),"") -> 马崇庆 | AZ39: =IFERROR(VLOOKUP(AZ38,教师安排!$A:$Y,AZ$2+1,FALSE),"") -> 史振塞 | BA39: =IFERROR(VLOOKUP(BA38,教师安排!$A:$Y,BA$2+1,FALSE),"") -> 杨彬 | BB39: =IFERROR(VLOOKUP(BB38,教师安排!$A:$Y,BB$2+1,FALSE),"") -> 刘珊珊 | ... BQ39: =IFERROR(VLOOKUP(BQ38,教师安排!$A:$Y,BQ$2+1,FALSE),"") | BS39: =IFERROR(VLOOKUP(BS38,教师安排!$A:$Y,BS$2+1,FALSE),"") | BT39: =IFERROR(VLOOKUP(BT38,教师安排!$A:$Y,BT$2+1,FALSE),"") | BU39: =IFERROR(VLOOKUP(BU38,教师安排!$A:$Y,BU$2+1,FALSE),"") | BV39: =IFERROR(VLOOKUP(BV38,教师安排!$A:$Y,BV$2+1,FALSE),"") | BW39: =IFERROR(VLOOKUP(BW38,教师安排!$A:$Y,BW$2+1,FALSE),"") -> 岳/厉 | BX39: =IFERROR(VLOOKUP(BX38,教师安排!$A:$Y,BX$2+1,FALSE),"") -> 田凤美 | BY39: =IFERROR(VLOOKUP(BY38,教师安排!$A:$Y,BY$2+1,FALSE),"") -> 李雯 | BZ39: =IFERROR(VLOOKUP(BZ38,教师安排!$A:$Y,BZ$2+1,FALSE),"") -> 岳/厉 | ... CP39: =IFERROR(VLOOKUP(CP38,教师安排!$A:$Y,CP$2+1,FALSE),"") | CR39: =IFERROR(VLOOKUP(CR38,教师安排!$A:$Y,CR$2+1,FALSE),"") | CS39: =IFERROR(VLOOKUP(CS38,教师安排!$A:$Y,CS$2+1,FALSE),"") | CT39: =IFERROR(VLOOKUP(CT38,教师安排!$A:$Y,CT$2+1,FALSE),"") | CU39: =IFERROR(VLOOKUP(CU38,教师安排!$A:$Y,CU$2+1,FALSE),"") -> 马崇庆 | CV39: =IFERROR(VLOOKUP(CV38,教师安排!$A:$Y,CV$2+1,FALSE),"") -> 周兴玲 | CW39: =IFERROR(VLOOKUP(CW38,教师安排!$A:$Y,CW$2+1,FALSE),"") -> 姚来朋 | CX39: =IFERROR(VLOOKUP(CX38,教师安排!$A:$Y,CX$2+1,FALSE),"") -> 李会玲 | CY39: =IFERROR(VLOOKUP(CY38,教师安排!$A:$Y,CY$2+1,FALSE),"") -> 刘腾 | ... FI39: =IFERROR(VLOOKUP(FI38,教师安排!$A:$Y,FI$2+1,FALSE),"") -> 厉彦龙 | FK39: =IFERROR(VLOOKUP(FK38,教师安排!$A:$Y,FK$2+1,FALSE),"") | FL39: =IFERROR(VLOOKUP(FL38,教师安排!$A:$Y,FL$2+1,FALSE),"") | FM39: =IFERROR(VLOOKUP(FM38,教师安排!$A:$Y,FM$2+1,FALSE),"") | FN39: =IFERROR(VLOOKUP(FN38,教师安排!$A:$Y,FN$2+1,FALSE),"") | FO39: =IFERROR(VLOOKUP(FO38,教师安排!$A:$Y,FO$2+1,FALSE),"") -> 周兴玲 | FP39: =IFERROR(VLOOKUP(FP38,教师安排!$A:$Y,FP$2+1,FALSE),"") -> 岳/厉 | FQ39: =IFERROR(VLOOKUP(FQ38,教师安排!$A:$Y,FQ$2+1,FALSE),"") -> 岳/厉 | FR39: =IFERROR(VLOOKUP(FR38,教师安排!$A:$Y,FR$2+1,FALSE),"") -> 史振塞 | ... GG39: =IFERROR(VLOOKUP(GG38,教师安排!$A:$Y,GG$2+1,FALSE),"") -> 厉彦龙 | GI39: =IFERROR(VLOOKUP(GI38,教师安排!$A:$Y,GI$2+1,FALSE),"") | GJ39: =IFERROR(VLOOKUP(GJ38,教师安排!$A:$Y,GJ$2+1,FALSE),"") | GK39: =IFERROR(VLOOKUP(GK38,教师安排!$A:$Y,GK$2+1,FALSE),"") | GL39: =IFERROR(VLOOKUP(GL38,教师安排!$A:$Y,GL$2+1,FALSE),"") | GM39: =IFERROR(VLOOKUP(GM38,教师安排!$A:$Y,GM$2+1,FALSE),"") -> 康波 | GN39: =IFERROR(VLOOKUP(GN38,教师安排!$A:$Y,GN$2+1,FALSE),"") -> 李会玲 | GO39: =IFERROR(VLOOKUP(GO38,教师安排!$A:$Y,GO$2+1,FALSE),"") -> 李雯 | GP39: =IFERROR(VLOOKUP(GP38,教师安排!$A:$Y,GP$2+1,FALSE),"") -> 史振塞 | ... HE39: =IFERROR(VLOOKUP(HE38,教师安排!$A:$Y,HE$2+1,FALSE),"") | HG39: =IFERROR(VLOOKUP(HG38,教师安排!$A:$Y,HG$2+1,FALSE),"") | HH39: =IFERROR(VLOOKUP(HH38,教师安排!$A:$Y,HH$2+1,FALSE),"") | HI39: =IFERROR(VLOOKUP(HI38,教师安排!$A:$Y,HI$2+1,FALSE),"") | HJ39: =IFERROR(VLOOKUP(HJ38,教师安排!$A:$Y,HJ$2+1,FALSE),"") | HK39: =IFERROR(VLOOKUP(HK38,教师安排!$A:$Y,HK$2+1,FALSE),"") -> 马崇庆 | HL39: =IFERROR(VLOOKUP(HL38,教师安排!$A:$Y,HL$2+1,FALSE),"") -> 姚来朋 | HM39: =IFERROR(VLOOKUP(HM38,教师安排!$A:$Y,HM$2+1,FALSE),"") -> 杨彬 | HN39: =IFERROR(VLOOKUP(HN38,教师安排!$A:$Y,HN$2+1,FALSE),"") -> 刘珊珊 | ... IC39: =IFERROR(VLOOKUP(IC38,教师安排!$A:$Y,IC$2+1,FALSE),"") | IE39: =IFERROR(VLOOKUP(IE38,教师安排!$A:$Y,IE$2+1,FALSE),"") | IF39: =IFERROR(VLOOKUP(IF38,教师安排!$A:$Y,IF$2+1,FALSE),"") | IG39: =IFERROR(VLOOKUP(IG38,教师安排!$A:$Y,IG$2+1,FALSE),"") | IH39: =IFERROR(VLOOKUP(IH38,教师安排!$A:$Y,IH$2+1,FALSE),"") | II39: =IFERROR(VLOOKUP(II38,教师安排!$A:$Y,II$2+1,FALSE),"") -> 岳/厉 | IJ39: =IFERROR(VLOOKUP(IJ38,教师安排!$A:$Y,IJ$2+1,FALSE),"") -> 田凤美 | IK39: =IFERROR(VLOOKUP(IK38,教师安排!$A:$Y,IK$2+1,FALSE),"") -> 李雯 | IL39: =IFERROR(VLOOKUP(IL38,教师安排!$A:$Y,IL$2+1,FALSE),"") -> 岳/厉 | ... JA39: =IFERROR(VLOOKUP(JA38,教师安排!$A:$Y,JA$2+1,FALSE),"") | JC39: =IFERROR(VLOOKUP(JC38,教师安排!$A:$Y,JC$2+1,FALSE),"") | JD39: =IFERROR(VLOOKUP(JD38,教师安排!$A:$Y,JD$2+1,FALSE),"") | JE39: =IFERROR(VLOOKUP(JE38,教师安排!$A:$Y,JE$2+1,FALSE),"") | JF39: =IFERROR(VLOOKUP(JF38,教师安排!$A:$Y,JF$2+1,FALSE),"") | JG39: =IFERROR(VLOOKUP(JG38,教师安排!$A:$Y,JG$2+1,FALSE),"") -> 马崇庆 | JH39: =IFERROR(VLOOKUP(JH38,教师安排!$A:$Y,JH$2+1,FALSE),"") -> 周兴玲 | JI39: =IFERROR(VLOOKUP(JI38,教师安排!$A:$Y,JI$2+1,FALSE),"") -> 姚来朋 | JJ39: =IFERROR(VLOOKUP(JJ38,教师安排!$A:$Y,JJ$2+1,FALSE),"") -> 李会玲 | ... KD39: =IFERROR(VLOOKUP(KD38,教师安排!$A:$Y,KD$2+1,FALSE),"") -> 胡存想
B40: 晚4 | C40: 自习（外） | D40: 自习（语） | E40: 自习（生） | F40: 自习（外） | G40: 自习（外） | H40: 自习（数） | I40: 自习（数） | J40: 自习（地） | K40: 自习（历） | L40: 自习（数） | M40: 阅读 | N40: 美术集训 | O40: 自习（语） | P40: 自习（语） | Q40: 自习（历） | R40: 自习（英） | T40: 自习（俄） | AA40: 自习（物） | AB40: 限时（地） | AC40: 限时（物） | AD40: 限时（历） | AE40: 自习（数） | AF40: 自习（化） | AG40: 自习（物） | AH40: 自习（语） | AI40: 自习（地） | AJ40: 自习（地） | AK40: 自习（外） | AL40: 美术集训 | AM40: 自习（外） | AN40: 自习（外） | AO40: 自习（外） | AT40: 自习（俄） | AU40: 自习（俄） | AV40: 自习（英） | AW40: 自习（英） | AX40: 自习（英） | AY40: 限时（语） | AZ40: 限时（化） | BA40: 自习（数） | BB40: 自习（语） | BC40: 阅读 | BD40: 自习（语） | BE40: 限时（化） | BF40: 限时（数） | BG40: 限时（数） | BH40: 自习（生） | BI40: 自习（数） | BJ40: 美术集训 | BK40: 自习（历） | BL40: 自习（数） | BM40: 限时（地） | BW40: 自习（历） | BX40: 限时（历） | BY40: 自习（地） | BZ40: 自习（数） | CA40: 自习（生） | CB40: 限时（物） | CC40: 自习（外） | CD40: 自习（数） | CE40: 自习（外） | CF40: 自习（语） | CG40: 限时（地） | CH40: 美术集训 | CI40: 自习（地） | CJ40: 自习（政） | CK40: 限时（语） | CU40: 限时（地） | CV40: 限时（物） | CW40: 自习（语） | CX40: 限时（生） | CY40: 自习（语） | CZ40: 限时（生） | DA40: 自习（物） | DB40: 自习（数） | DC40: 自习（历） | DD40: 自习（历） | DE40: 自习（外） | DF40: 美术集训 | DG40: 自习（外） | DH40: 自习（外） | DI40: 自习（外） | DN40: 自习（俄） | DO40: 自习（俄） | DP40: 自习（英） | DQ40: 自习（英） | DR40: 自习（英） | DS40: 自习（化） | DT40: 自习（地） | DU40: 自习（数） | DV40: 自习（数） | DW40: 自习（数） | DX40: 自习（外） | DY40: 自习（语） | DZ40: 自习（外） | EA40: 自习（语） | EB40: 自习（外） | EC40: 自习（政） | ED40: 美术集训 | EE40: 自习（数） | EF40: 自习（数） | EG40: 自习（数） | EQ40: 自习（语） | ER40: 自习（外） | ES40: 自习（外） | ET40: 自习（物） | EU40: 自习（物） | EV40: 自习（化） | EW40: 自习（数） | EX40: 自习（语） | EY40: 自习（历） | EZ40: 自习（语） | FA40: 自习（地） | FB40: 美术集训 | FC40: 自习（政） | FD40: 自习（历） | FE40: 自习（政） | FG40: 自习（英） | FI40: 自习（俄） | FO40: 自习（外） | FP40: 自习（语） | FQ40: 自习（生） | FR40: 自习（外） | FS40: 自习（外） | FT40: 自习（语） | FU40: 自习（数） | FV40: 自习（地） | FW40: 自习（历） | FX40: 自习（数） | FY40: 阅读 | FZ40: 美术集训 | GA40: 自习（语） | GB40: 自习（数） | GC40: 自习（历） | GD40: 自习（英） | GF40: 自习（俄） | GM40: 自习（地） | GN40: 自习（数） | GO40: 限时（物） | GP40: 限时（物） | GQ40: 自习（数） | GR40: 自习（化） | GS40: 自习（物） | GT40: 自习（语） | GU40: 自习（地） | GV40: 自习（地） | GW40: 自习（外） | GX40: 美术集训 | GY40: 自习（外） | GZ40: 自习（外） | HA40: 自习（外） | HF40: 自习（俄） | HG40: 自习（俄） | HH40: 自习（英） | HI40: 自习（英） | HJ40: 自习（英） | HK40: 限时（语） | HL40: 限时（化） | HM40: 自习（数） | HN40: 自习（语） | HO40: 限时（语） | HP40: 限时（数） | HQ40: 限时（化） | HR40: 限时（数） | HS40: 限时（地） | HT40: 自习（生） | HU40: 自习（数） | HV40: 美术集训 | HW40: 自习（历） | HX40: 自习（语） | HY40: 自习（政） | II40: 自习（历） | IJ40: 限时（物） | IK40: 自习（地） | IL40: 自习（数） | IM40: 自习（生） | IN40: 限时（物） | IO40: 限时（语） | IP40: 自习（数） | IQ40: 限时（外） | IR40: 自习（语） | IS40: 限时（地） | IT40: 美术集训 | IU40: 自习（地） | IV40: 自习（政） | IW40: 限时（语） | JG40: 限时（地） | JH40: 限时（历） | JI40: 自习（语） | JJ40: 限时（生） | JK40: 自习（语） | JL40: 自习（物） | JM40: 自习（数） | JN40: 自习（数） | JO40: 自习（生） | JP40: 自习（生） | JQ40: 自习（外） | JR40: 美术集训 | JS40: 自习（外） | JT40: 自习（外） | JU40: 自习（外） | JZ40: 自习（俄） | KA40: 自习（俄） | KB40: 自习（英） | KC40: 自习（英） | KD40: 自习（英）
C41: =IFERROR(VLOOKUP(C40,教师安排!$A:$Y,C$2+1,FALSE),"") -> 岳/厉 | D41: =IFERROR(VLOOKUP(D40,教师安排!$A:$Y,D$2+1,FALSE),"") -> 史振塞 | E41: =IFERROR(VLOOKUP(E40,教师安排!$A:$Y,E$2+1,FALSE),"") -> 周兴玲 | F41: =IFERROR(VLOOKUP(F40,教师安排!$A:$Y,F$2+1,FALSE),"") -> 岳/厉 | G41: =IFERROR(VLOOKUP(G40,教师安排!$A:$Y,G$2+1,FALSE),"") -> 王灼 | H41: =IFERROR(VLOOKUP(H40,教师安排!$A:$Y,H$2+1,FALSE),"") -> 王露 | I41: =IFERROR(VLOOKUP(I40,教师安排!$A:$Y,I$2+1,FALSE),"") -> 范林林 | J41: =IFERROR(VLOOKUP(J40,教师安排!$A:$Y,J$2+1,FALSE),"") -> 孙秋杰 | ... U41: =IFERROR(VLOOKUP(U40,教师安排!$A:$Y,U$2+1,FALSE),"") | W41: =IFERROR(VLOOKUP(W40,教师安排!$A:$Y,W$2+1,FALSE),"") | X41: =IFERROR(VLOOKUP(X40,教师安排!$A:$Y,X$2+1,FALSE),"") | Y41: =IFERROR(VLOOKUP(Y40,教师安排!$A:$Y,Y$2+1,FALSE),"") | Z41: =IFERROR(VLOOKUP(Z40,教师安排!$A:$Y,Z$2+1,FALSE),"") | AA41: =IFERROR(VLOOKUP(AA40,教师安排!$A:$Y,AA$2+1,FALSE),"") -> 康波 | AB41: =IFERROR(VLOOKUP(AB40,教师安排!$A:$Y,AB$2+1,FALSE),"") -> 李会玲 | AC41: =IFERROR(VLOOKUP(AC40,教师安排!$A:$Y,AC$2+1,FALSE),"") -> 张雨晴 | AD41: =IFERROR(VLOOKUP(AD40,教师安排!$A:$Y,AD$2+1,FALSE),"") -> 李雯 | ... BQ41: =IFERROR(VLOOKUP(BQ40,教师安排!$A:$Y,BQ$2+1,FALSE),"") | BS41: =IFERROR(VLOOKUP(BS40,教师安排!$A:$Y,BS$2+1,FALSE),"") | BT41: =IFERROR(VLOOKUP(BT40,教师安排!$A:$Y,BT$2+1,FALSE),"") | BU41: =IFERROR(VLOOKUP(BU40,教师安排!$A:$Y,BU$2+1,FALSE),"") | BV41: =IFERROR(VLOOKUP(BV40,教师安排!$A:$Y,BV$2+1,FALSE),"") | BW41: =IFERROR(VLOOKUP(BW40,教师安排!$A:$Y,BW$2+1,FALSE),"") -> 李雯 | BX41: =IFERROR(VLOOKUP(BX40,教师安排!$A:$Y,BX$2+1,FALSE),"") -> 田凤美 | BY41: =IFERROR(VLOOKUP(BY40,教师安排!$A:$Y,BY$2+1,FALSE),"") -> 李会玲 | BZ41: =IFERROR(VLOOKUP(BZ40,教师安排!$A:$Y,BZ$2+1,FALSE),"") -> 侯淑贤 | ... CP41: =IFERROR(VLOOKUP(CP40,教师安排!$A:$Y,CP$2+1,FALSE),"") | CR41: =IFERROR(VLOOKUP(CR40,教师安排!$A:$Y,CR$2+1,FALSE),"") | CS41: =IFERROR(VLOOKUP(CS40,教师安排!$A:$Y,CS$2+1,FALSE),"") | CT41: =IFERROR(VLOOKUP(CT40,教师安排!$A:$Y,CT$2+1,FALSE),"") | CU41: =IFERROR(VLOOKUP(CU40,教师安排!$A:$Y,CU$2+1,FALSE),"") -> 李会玲 | CV41: =IFERROR(VLOOKUP(CV40,教师安排!$A:$Y,CV$2+1,FALSE),"") -> 张雨晴 | CW41: =IFERROR(VLOOKUP(CW40,教师安排!$A:$Y,CW$2+1,FALSE),"") -> 杨彬 | CX41: =IFERROR(VLOOKUP(CX40,教师安排!$A:$Y,CX$2+1,FALSE),"") -> 周兴玲 | CY41: =IFERROR(VLOOKUP(CY40,教师安排!$A:$Y,CY$2+1,FALSE),"") -> 张冰雪 | ... EK41: =IFERROR(VLOOKUP(EK40,教师安排!$A:$Y,EK$2+1,FALSE),"") | EM41: =IFERROR(VLOOKUP(EM40,教师安排!$A:$Y,EM$2+1,FALSE),"") | EN41: =IFERROR(VLOOKUP(EN40,教师安排!$A:$Y,EN$2+1,FALSE),"") | EO41: =IFERROR(VLOOKUP(EO40,教师安排!$A:$Y,EO$2+1,FALSE),"") | EP41: =IFERROR(VLOOKUP(EP40,教师安排!$A:$Y,EP$2+1,FALSE),"") | EQ41: =IFERROR(VLOOKUP(EQ40,教师安排!$A:$Y,EQ$2+1,FALSE),"") -> 杨彬 | ER41: =IFERROR(VLOOKUP(ER40,教师安排!$A:$Y,ER$2+1,FALSE),"") -> 岳/厉 | ES41: =IFERROR(VLOOKUP(ES40,教师安排!$A:$Y,ES$2+1,FALSE),"") -> 岳/厉 | ET41: =IFERROR(VLOOKUP(ET40,教师安排!$A:$Y,ET$2+1,FALSE),"") -> 康波 | ... FI41: =IFERROR(VLOOKUP(FI40,教师安排!$A:$Y,FI$2+1,FALSE),"") -> 厉彦龙 | FK41: =IFERROR(VLOOKUP(FK40,教师安排!$A:$Y,FK$2+1,FALSE),"") | FL41: =IFERROR(VLOOKUP(FL40,教师安排!$A:$Y,FL$2+1,FALSE),"") | FM41: =IFERROR(VLOOKUP(FM40,教师安排!$A:$Y,FM$2+1,FALSE),"") | FN41: =IFERROR(VLOOKUP(FN40,教师安排!$A:$Y,FN$2+1,FALSE),"") | FO41: =IFERROR(VLOOKUP(FO40,教师安排!$A:$Y,FO$2+1,FALSE),"") -> 岳/厉 | FP41: =IFERROR(VLOOKUP(FP40,教师安排!$A:$Y,FP$2+1,FALSE),"") -> 史振塞 | FQ41: =IFERROR(VLOOKUP(FQ40,教师安排!$A:$Y,FQ$2+1,FALSE),"") -> 周兴玲 | FR41: =IFERROR(VLOOKUP(FR40,教师安排!$A:$Y,FR$2+1,FALSE),"") -> 岳/厉 | ... GG41: =IFERROR(VLOOKUP(GG40,教师安排!$A:$Y,GG$2+1,FALSE),"") | GI41: =IFERROR(VLOOKUP(GI40,教师安排!$A:$Y,GI$2+1,FALSE),"") | GJ41: =IFERROR(VLOOKUP(GJ40,教师安排!$A:$Y,GJ$2+1,FALSE),"") | GK41: =IFERROR(VLOOKUP(GK40,教师安排!$A:$Y,GK$2+1,FALSE),"") | GL41: =IFERROR(VLOOKUP(GL40,教师安排!$A:$Y,GL$2+1,FALSE),"") | GM41: =IFERROR(VLOOKUP(GM40,教师安排!$A:$Y,GM$2+1,FALSE),"") -> 李会玲 | GN41: =IFERROR(VLOOKUP(GN40,教师安排!$A:$Y,GN$2+1,FALSE),"") -> 姚来朋 | GO41: =IFERROR(VLOOKUP(GO40,教师安排!$A:$Y,GO$2+1,FALSE),"") -> 张雨晴 | GP41: =IFERROR(VLOOKUP(GP40,教师安排!$A:$Y,GP$2+1,FALSE),"") -> 康波 | ... IC41: =IFERROR(VLOOKUP(IC40,教师安排!$A:$Y,IC$2+1,FALSE),"") | IE41: =IFERROR(VLOOKUP(IE40,教师安排!$A:$Y,IE$2+1,FALSE),"") | IF41: =IFERROR(VLOOKUP(IF40,教师安排!$A:$Y,IF$2+1,FALSE),"") | IG41: =IFERROR(VLOOKUP(IG40,教师安排!$A:$Y,IG$2+1,FALSE),"") | IH41: =IFERROR(VLOOKUP(IH40,教师安排!$A:$Y,IH$2+1,FALSE),"") | II41: =IFERROR(VLOOKUP(II40,教师安排!$A:$Y,II$2+1,FALSE),"") -> 李雯 | IJ41: =IFERROR(VLOOKUP(IJ40,教师安排!$A:$Y,IJ$2+1,FALSE),"") -> 张雨晴 | IK41: =IFERROR(VLOOKUP(IK40,教师安排!$A:$Y,IK$2+1,FALSE),"") -> 李会玲 | IL41: =IFERROR(VLOOKUP(IL40,教师安排!$A:$Y,IL$2+1,FALSE),"") -> 侯淑贤 | ... JA41: =IFERROR(VLOOKUP(JA40,教师安排!$A:$Y,JA$2+1,FALSE),"") | JC41: =IFERROR(VLOOKUP(JC40,教师安排!$A:$Y,JC$2+1,FALSE),"") | JD41: =IFERROR(VLOOKUP(JD40,教师安排!$A:$Y,JD$2+1,FALSE),"") | JE41: =IFERROR(VLOOKUP(JE40,教师安排!$A:$Y,JE$2+1,FALSE),"") | JF41: =IFERROR(VLOOKUP(JF40,教师安排!$A:$Y,JF$2+1,FALSE),"") | JG41: =IFERROR(VLOOKUP(JG40,教师安排!$A:$Y,JG$2+1,FALSE),"") -> 李会玲 | JH41: =IFERROR(VLOOKUP(JH40,教师安排!$A:$Y,JH$2+1,FALSE),"") -> 田凤美 | JI41: =IFERROR(VLOOKUP(JI40,教师安排!$A:$Y,JI$2+1,FALSE),"") -> 杨彬 | JJ41: =IFERROR(VLOOKUP(JJ40,教师安排!$A:$Y,JJ$2+1,FALSE),"") -> 周兴玲 | ... KD41: =IFERROR(VLOOKUP(KD40,教师安排!$A:$Y,KD$2+1,FALSE),"") -> 胡存想

Sheet 班级
A1: ="2026年春季学期"&VLOOKUP($P$1,A43:D70,COLUMN(B43),0)&"课表" -> 2026年春季学期高一英语（1）班课表 | P1: 高一英语（1）班
A2: 星 期 节 次 | C2: 时间 | D2: 一 | E2: 二 | F2: 三 | G2: 四 | H2: 五 | I2: 六 | J2: 日 | K2: 一 | L2: 二 | M2: 三 | N2: 四 | O2: 五
A3: 早上 | B3: 晨读 | C3: 6：25—6：40 | D3: =IF(HLOOKUP(MATCH($P$1,总课表!$C$3:$Z$3,0),总课表!$C$2:$Z$42,ROW(),0)=0,"",(HLOOKUP(MATCH($P$1,总课表!$C$3:$Z$3,0),总课表!$C$2:$Z$42,ROW(),0))) | E3: =IF(HLOOKUP(MATCH($P$1,总课表!$AA$3:$AX$3,0),总课表!$AA$2:$AX$42,ROW(),0)=0,"",(HLOOKUP(MATCH($P$1,总课表!$AA$3:$AX$3,0),总课表!$AA$2:$AX$42,ROW(),0))) | F3: =IF(HLOOKUP(MATCH($P$1,总课表!$AY$3:$BV$3,0),总课表!$AY$2:$BV$42,ROW(),0)=0,"",(HLOOKUP(MATCH($P$1,总课表!$AY$3:$BV$3,0),总课表!$AY$2:$BV$42,ROW(),0))) | G3: =IF(HLOOKUP(MATCH($P$1,总课表!$BW$3:$CV$3,0),总课表!$BW$2:$CV$42,ROW(),0)=0,"",(HLOOKUP(MATCH($P$1,总课表!$BW$3:$CV$3,0),总课表!$BW$2:$CV$42,ROW(),0))) | H3: =IF(HLOOKUP(MATCH($P$1,总课表!$CU$3:$DR$3,0),总课表!$CU$2:$DR$42,ROW(),0)=0,"",(HLOOKUP(MATCH($P$1,总课表!$CU$3:$DR$3,0),总课表!$CU$2:$DR$42,ROW(),0))) | I3: =IF(HLOOKUP(MATCH($P$1,总课表!$DS$3:$EP$3,0),总课表!$DS$2:$EP$42,ROW(),0)=0,"",(HLOOKUP(MATCH($P$1,总课表!$DS$3:$EP$3,0),总课表!$DS$2:$EP$42,ROW(),0))) | J3: =IF(HLOOKUP(MATCH($P$1,总课表!$EQ$3:$FN$3,0),总课表!$EQ$2:$FN$42,ROW(),0)=0,"",(HLOOKUP(MATCH($P$1,总课表!$EQ$3:$FN$3,0),总课表!$EQ$2:$FN$42,ROW(),0))) | K3: =IF(HLOOKUP(MATCH($P$1,总课表!$FO$3:$GL$3,0),总课表!$FO$2:$GL$42,ROW(),0)=0,"",(HLOOKUP(MATCH($P$1,总课表!$FO$3:$GL$3,0),总课表!$FO$2:$GL$42,ROW(),0))) | L3: =IF(HLOOKUP(MATCH($P$1,总课表!$GM$3:$HJ$3,0),总课表!$GM$2:$HJ$42,ROW(),0)=0,"",(HLOOKUP(MATCH($P$1,总课表!$GM$3:$HJ$3,0),总课表!$GM$2:$HJ$42,ROW(),0))) | M3: =IF(HLOOKUP(MATCH($P$1,总课表!$HK$3:$IH$3,0),总课表!$HK$2:$IH$42,ROW(),0)=0,"",(HLOOKUP(MATCH($P$1,总课表!$HK$3:$IH$3,0),总课表!$HK$2:$IH$42,ROW(),0))) | N3: =IF(HLOOKUP(MATCH($P$1,总课表!$II$3:$JF$3,0),总课表!$II$2:$JF$42,ROW(),0)=0,"",(HLOOKUP(MATCH($P$1,总课表!$II$3:$JF$3,0),总课表!$II$2:$JF$42,ROW(),0))) | O3: =IF(HLOOKUP(MATCH($P$1,总课表!$JG$3:$KD$3,0),总课表!$JG$2:$KD$42,ROW(),0)=0,"",(HLOOKUP(MATCH($P$1,总课表!$JG$3:$KD$3,0),总课表!$JG$2:$KD$42,ROW(),0)))
D4: =IF(HLOOKUP(MATCH($P$1,总课表!$C$3:$Z$3,0),总课表!$C$2:$Z$42,ROW(),0)=0,"",(HLOOKUP(MATCH($P$1,总课表!$C$3:$Z$3,0),总课表!$C$2:$Z$42,ROW(),0))) | E4: =IF(HLOOKUP(MATCH($P$1,总课表!$AA$3:$AX$3,0),总课表!$AA$2:$AX$42,ROW(),0)=0,"",(HLOOKUP(MATCH($P$1,总课表!$AA$3:$AX$3,0),总课表!$AA$2:$AX$42,ROW(),0))) | F4: =IF(HLOOKUP(MATCH($P$1,总课表!$AY$3:$BV$3,0),总课表!$AY$2:$BV$42,ROW(),0)=0,"",(HLOOKUP(MATCH($P$1,总课表!$AY$3:$BV$3,0),总课表!$AY$2:$BV$42,ROW(),0))) | G4: =IF(HLOOKUP(MATCH($P$1,总课表!$BW$3:$CV$3,0),总课表!$BW$2:$CV$42,ROW(),0)=0,"",(HLOOKUP(MATCH($P$1,总课表!$BW$3:$CV$3,0),总课表!$BW$2:$CV$42,ROW(),0))) | H4: =IF(HLOOKUP(MATCH($P$1,总课表!$CU$3:$DR$3,0),总课表!$CU$2:$DR$42,ROW(),0)=0,"",(HLOOKUP(MATCH($P$1,总课表!$CU$3:$DR$3,0),总课表!$CU$2:$DR$42,ROW(),0))) | I4: =IF(HLOOKUP(MATCH($P$1,总课表!$DS$3:$EP$3,0),总课表!$DS$2:$EP$42,ROW(),0)=0,"",(HLOOKUP(MATCH($P$1,总课表!$DS$3:$EP$3,0),总课表!$DS$2:$EP$42,ROW(),0))) | J4: =IF(HLOOKUP(MATCH($P$1,总课表!$EQ$3:$FN$3,0),总课表!$EQ$2:$FN$42,ROW(),0)=0,"",(HLOOKUP(MATCH($P$1,总课表!$EQ$3:$FN$3,0),总课表!$EQ$2:$FN$42,ROW(),0))) | K4: =IF(HLOOKUP(MATCH($P$1,总课表!$FO$3:$GL$3,0),总课表!$FO$2:$GL$42,ROW(),0)=0,"",(HLOOKUP(MATCH($P$1,总课表!$FO$3:$GL$3,0),总课表!$FO$2:$GL$42,ROW(),0))) | L4: =IF(HLOOKUP(MATCH($P$1,总课表!$GM$3:$HJ$3,0),总课表!$GM$2:$HJ$42,ROW(),0)=0,"",(HLOOKUP(MATCH($P$1,总课表!$GM$3:$HJ$3,0),总课表!$GM$2:$HJ$42,ROW(),0))) | M4: =IF(HLOOKUP(MATCH($P$1,总课表!$HK$3:$IH$3,0),总课表!$HK$2:$IH$42,ROW(),0)=0,"",(HLOOKUP(MATCH($P$1,总课表!$HK$3:$IH$3,0),总课表!$HK$2:$IH$42,ROW(),0))) | N4: =IF(HLOOKUP(MATCH($P$1,总课表!$II$3:$JF$3,0),总课表!$II$2:$JF$42,ROW(),0)=0,"",(HLOOKUP(MATCH($P$1,总课表!$II$3:$JF$3,0),总课表!$II$2:$JF$42,ROW(),0))) | O4: =IF(HLOOKUP(MATCH($P$1,总课表!$JG$3:$KD$3,0),总课表!$JG$2:$KD$42,ROW(),0)=0,"",(HLOOKUP(MATCH($P$1,总课表!$JG$3:$KD$3,0),总课表!$JG$2:$KD$42,ROW(),0)))
B5: 早读 | C5: 7:05-7:30 | D5: =IF(HLOOKUP(MATCH($P$1,总课表!$C$3:$Z$3,0),总课表!$C$2:$Z$42,ROW(),0)=0,"",(HLOOKUP(MATCH($P$1,总课表!$C$3:$Z$3,0),总课表!$C$2:$Z$42,ROW(),0))) | E5: =IF(HLOOKUP(MATCH($P$1,总课表!$AA$3:$AX$3,0),总课表!$AA$2:$AX$42,ROW(),0)=0,"",(HLOOKUP(MATCH($P$1,总课表!$AA$3:$AX$3,0),总课表!$AA$2:$AX$42,ROW(),0))) -> 英语 | F5: =IF(HLOOKUP(MATCH($P$1,总课表!$AY$3:$BV$3,0),总课表!$AY$2:$BV$42,ROW(),0)=0,"",(HLOOKUP(MATCH($P$1,总课表!$AY$3:$BV$3,0),总课表!$AY$2:$BV$42,ROW(),0))) | G5: =IF(HLOOKUP(MATCH($P$1,总课表!$BW$3:$CV$3,0),总课表!$BW$2:$CV$42,ROW(),0)=0,"",(HLOOKUP(MATCH($P$1,总课表!$BW$3:$CV$3,0),总课表!$BW$2:$CV$42,ROW(),0))) | H5: =IF(HLOOKUP(MATCH($P$1,总课表!$CU$3:$DR$3,0),总课表!$CU$2:$DR$42,ROW(),0)=0,"",(HLOOKUP(MATCH($P$1,总课表!$CU$3:$DR$3,0),总课表!$CU$2:$DR$42,ROW(),0))) -> 英语 | I5: =IF(HLOOKUP(MATCH($P$1,总课表!$DS$3:$EP$3,0),总课表!$DS$2:$EP$42,ROW(),0)=0,"",(HLOOKUP(MATCH($P$1,总课表!$DS$3:$EP$3,0),总课表!$DS$2:$EP$42,ROW(),0))) | J5: =IF(HLOOKUP(MATCH($P$1,总课表!$EQ$3:$FN$3,0),总课表!$EQ$2:$FN$42,ROW(),0)=0,"",(HLOOKUP(MATCH($P$1,总课表!$EQ$3:$FN$3,0),总课表!$EQ$2:$FN$42,ROW(),0))) | K5: =IF(HLOOKUP(MATCH($P$1,总课表!$FO$3:$GL$3,0),总课表!$FO$2:$GL$42,ROW(),0)=0,"",(HLOOKUP(MATCH($P$1,总课表!$FO$3:$GL$3,0),总课表!$FO$2:$GL$42,ROW(),0))) -> 英语 | L5: =IF(HLOOKUP(MATCH($P$1,总课表!$GM$3:$HJ$3,0),总课表!$GM$2:$HJ$42,ROW(),0)=0,"",(HLOOKUP(MATCH($P$1,总课表!$GM$3:$HJ$3,0),总课表!$GM$2:$HJ$42,ROW(),0))) | M5: =IF(HLOOKUP(MATCH($P$1,总课表!$HK$3:$IH$3,0),总课表!$HK$2:$IH$42,ROW(),0)=0,"",(HLOOKUP(MATCH($P$1,总课表!$HK$3:$IH$3,0),总课表!$HK$2:$IH$42,ROW(),0))) | N5: =IF(HLOOKUP(MATCH($P$1,总课表!$II$3:$JF$3,0),总课表!$II$2:$JF$42,ROW(),0)=0,"",(HLOOKUP(MATCH($P$1,总课表!$II$3:$JF$3,0),总课表!$II$2:$JF$42,ROW(),0))) | O5: =IF(HLOOKUP(MATCH($P$1,总课表!$JG$3:$KD$3,0),总课表!$JG$2:$KD$42,ROW(),0)=0,"",(HLOOKUP(MATCH($P$1,总课表!$JG$3:$KD$3,0),总课表!$JG$2:$KD$42,ROW(),0))) -> 英语
D6: =IF(HLOOKUP(MATCH($P$1,总课表!$C$3:$Z$3,0),总课表!$C$2:$Z$42,ROW(),0)=0,"",(HLOOKUP(MATCH($P$1,总课表!$C$3:$Z$3,0),总课表!$C$2:$Z$42,ROW(),0))) | E6: =IF(HLOOKUP(MATCH($P$1,总课表!$AA$3:$AX$3,0),总课表!$AA$2:$AX$42,ROW(),0)=0,"",(HLOOKUP(MATCH($P$1,总课表!$AA$3:$AX$3,0),总课表!$AA$2:$AX$42,ROW(),0))) -> 岳海霞 | F6: =IF(HLOOKUP(MATCH($P$1,总课表!$AY$3:$BV$3,0),总课表!$AY$2:$BV$42,ROW(),0)=0,"",(HLOOKUP(MATCH($P$1,总课表!$AY$3:$BV$3,0),总课表!$AY$2:$BV$42,ROW(),0))) | G6: =IF(HLOOKUP(MATCH($P$1,总课表!$BW$3:$CV$3,0),总课表!$BW$2:$CV$42,ROW(),0)=0,"",(HLOOKUP(MATCH($P$1,总课表!$BW$3:$CV$3,0),总课表!$BW$2:$CV$42,ROW(),0))) | H6: =IF(HLOOKUP(MATCH($P$1,总课表!$CU$3:$DR$3,0),总课表!$CU$2:$DR$42,ROW(),0)=0,"",(HLOOKUP(MATCH($P$1,总课表!$CU$3:$DR$3,0),总课表!$CU$2:$DR$42,ROW(),0))) -> 岳海霞 | I6: =IF(HLOOKUP(MATCH($P$1,总课表!$DS$3:$EP$3,0),总课表!$DS$2:$EP$42,ROW(),0)=0,"",(HLOOKUP(MATCH($P$1,总课表!$DS$3:$EP$3,0),总课表!$DS$2:$EP$42,ROW(),0))) | J6: =IF(HLOOKUP(MATCH($P$1,总课表!$EQ$3:$FN$3,0),总课表!$EQ$2:$FN$42,ROW(),0)=0,"",(HLOOKUP(MATCH($P$1,总课表!$EQ$3:$FN$3,0),总课表!$EQ$2:$FN$42,ROW(),0))) | K6: =IF(HLOOKUP(MATCH($P$1,总课表!$FO$3:$GL$3,0),总课表!$FO$2:$GL$42,ROW(),0)=0,"",(HLOOKUP(MATCH($P$1,总课表!$FO$3:$GL$3,0),总课表!$FO$2:$GL$42,ROW(),0))) -> 岳海霞 | L6: =IF(HLOOKUP(MATCH($P$1,总课表!$GM$3:$HJ$3,0),总课表!$GM$2:$HJ$42,ROW(),0)=0,"",(HLOOKUP(MATCH($P$1,总课表!$GM$3:$HJ$3,0),总课表!$GM$2:$HJ$42,ROW(),0))) | M6: =IF(HLOOKUP(MATCH($P$1,总课表!$HK$3:$IH$3,0),总课表!$HK$2:$IH$42,ROW(),0)=0,"",(HLOOKUP(MATCH($P$1,总课表!$HK$3:$IH$3,0),总课表!$HK$2:$IH$42,ROW(),0))) | N6: =IF(HLOOKUP(MATCH($P$1,总课表!$II$3:$JF$3,0),总课表!$II$2:$JF$42,ROW(),0)=0,"",(HLOOKUP(MATCH($P$1,总课表!$II$3:$JF$3,0),总课表!$II$2:$JF$42,ROW(),0))) | O6: =IF(HLOOKUP(MATCH($P$1,总课表!$JG$3:$KD$3,0),总课表!$JG$2:$KD$42,ROW(),0)=0,"",(HLOOKUP(MATCH($P$1,总课表!$JG$3:$KD$3,0),总课表!$JG$2:$KD$42,ROW(),0))) -> 岳海霞
A7: 上 午 | B7: 1 | C7: 7:40—8：20 | D7: =IF(HLOOKUP(MATCH($P$1,总课表!$C$3:$Z$3,0),总课表!$C$2:$Z$42,ROW(),0)=0,"",(HLOOKUP(MATCH($P$1,总课表!$C$3:$Z$3,0),总课表!$C$2:$Z$42,ROW(),0))) | E7: =IF(HLOOKUP(MATCH($P$1,总课表!$AA$3:$AX$3,0),总课表!$AA$2:$AX$42,ROW(),0)=0,"",(HLOOKUP(MATCH($P$1,总课表!$AA$3:$AX$3,0),总课表!$AA$2:$AX$42,ROW(),0))) | F7: =IF(HLOOKUP(MATCH($P$1,总课表!$AY$3:$BV$3,0),总课表!$AY$2:$BV$42,ROW(),0)=0,"",(HLOOKUP(MATCH($P$1,总课表!$AY$3:$BV$3,0),总课表!$AY$2:$BV$42,ROW(),0))) | G7: =IF(HLOOKUP(MATCH($P$1,总课表!$BW$3:$CV$3,0),总课表!$BW$2:$CV$42,ROW(),0)=0,"",(HLOOKUP(MATCH($P$1,总课表!$BW$3:$CV$3,0),总课表!$BW$2:$CV$42,ROW(),0))) | H7: =IF(HLOOKUP(MATCH($P$1,总课表!$CU$3:$DR$3,0),总课表!$CU$2:$DR$42,ROW(),0)=0,"",(HLOOKUP(MATCH($P$1,总课表!$CU$3:$DR$3,0),总课表!$CU$2:$DR$42,ROW(),0))) | I7: =IF(HLOOKUP(MATCH($P$1,总课表!$DS$3:$EP$3,0),总课表!$DS$2:$EP$42,ROW(),0)=0,"",(HLOOKUP(MATCH($P$1,总课表!$DS$3:$EP$3,0),总课表!$DS$2:$EP$42,ROW(),0))) | J7: =IF(HLOOKUP(MATCH($P$1,总课表!$EQ$3:$FN$3,0),总课表!$EQ$2:$FN$42,ROW(),0)=0,"",(HLOOKUP(MATCH($P$1,总课表!$EQ$3:$FN$3,0),总课表!$EQ$2:$FN$42,ROW(),0))) | K7: =IF(HLOOKUP(MATCH($P$1,总课表!$FO$3:$GL$3,0),总课表!$FO$2:$GL$42,ROW(),0)=0,"",(HLOOKUP(MATCH($P$1,总课表!$FO$3:$GL$3,0),总课表!$FO$2:$GL$42,ROW(),0))) | L7: =IF(HLOOKUP(MATCH($P$1,总课表!$GM$3:$HJ$3,0),总课表!$GM$2:$HJ$42,ROW(),0)=0,"",(HLOOKUP(MATCH($P$1,总课表!$GM$3:$HJ$3,0),总课表!$GM$2:$HJ$42,ROW(),0))) | M7: =IF(HLOOKUP(MATCH($P$1,总课表!$HK$3:$IH$3,0),总课表!$HK$2:$IH$42,ROW(),0)=0,"",(HLOOKUP(MATCH($P$1,总课表!$HK$3:$IH$3,0),总课表!$HK$2:$IH$42,ROW(),0))) | N7: =IF(HLOOKUP(MATCH($P$1,总课表!$II$3:$JF$3,0),总课表!$II$2:$JF$42,ROW(),0)=0,"",(HLOOKUP(MATCH($P$1,总课表!$II$3:$JF$3,0),总课表!$II$2:$JF$42,ROW(),0))) | O7: =IF(HLOOKUP(MATCH($P$1,总课表!$JG$3:$KD$3,0),总课表!$JG$2:$KD$42,ROW(),0)=0,"",(HLOOKUP(MATCH($P$1,总课表!$JG$3:$KD$3,0),总课表!$JG$2:$KD$42,ROW(),0)))
D8: =IF(HLOOKUP(MATCH($P$1,总课表!$C$3:$Z$3,0),总课表!$C$2:$Z$42,ROW(),0)=0,"",(HLOOKUP(MATCH($P$1,总课表!$C$3:$Z$3,0),总课表!$C$2:$Z$42,ROW(),0))) | E8: =IF(HLOOKUP(MATCH($P$1,总课表!$AA$3:$AX$3,0),总课表!$AA$2:$AX$42,ROW(),0)=0,"",(HLOOKUP(MATCH($P$1,总课表!$AA$3:$AX$3,0),总课表!$AA$2:$AX$42,ROW(),0))) | F8: =IF(HLOOKUP(MATCH($P$1,总课表!$AY$3:$BV$3,0),总课表!$AY$2:$BV$42,ROW(),0)=0,"",(HLOOKUP(MATCH($P$1,总课表!$AY$3:$BV$3,0),总课表!$AY$2:$BV$42,ROW(),0))) | G8: =IF(HLOOKUP(MATCH($P$1,总课表!$BW$3:$CV$3,0),总课表!$BW$2:$CV$42,ROW(),0)=0,"",(HLOOKUP(MATCH($P$1,总课表!$BW$3:$CV$3,0),总课表!$BW$2:$CV$42,ROW(),0))) | H8: =IF(HLOOKUP(MATCH($P$1,总课表!$CU$3:$DR$3,0),总课表!$CU$2:$DR$42,ROW(),0)=0,"",(HLOOKUP(MATCH($P$1,总课表!$CU$3:$DR$3,0),总课表!$CU$2:$DR$42,ROW(),0))) | I8: =IF(HLOOKUP(MATCH($P$1,总课表!$DS$3:$EP$3,0),总课表!$DS$2:$EP$42,ROW(),0)=0,"",(HLOOKUP(MATCH($P$1,总课表!$DS$3:$EP$3,0),总课表!$DS$2:$EP$42,ROW(),0))) | J8: =IF(HLOOKUP(MATCH($P$1,总课表!$EQ$3:$FN$3,0),总课表!$EQ$2:$FN$42,ROW(),0)=0,"",(HLOOKUP(MATCH($P$1,总课表!$EQ$3:$FN$3,0),总课表!$EQ$2:$FN$42,ROW(),0))) | K8: =IF(HLOOKUP(MATCH($P$1,总课表!$FO$3:$GL$3,0),总课表!$FO$2:$GL$42,ROW(),0)=0,"",(HLOOKUP(MATCH($P$1,总课表!$FO$3:$GL$3,0),总课表!$FO$2:$GL$42,ROW(),0))) | L8: =IF(HLOOKUP(MATCH($P$1,总课表!$GM$3:$HJ$3,0),总课表!$GM$2:$HJ$42,ROW(),0)=0,"",(HLOOKUP(MATCH($P$1,总课表!$GM$3:$HJ$3,0),总课表!$GM$2:$HJ$42,ROW(),0))) | M8: =IF(HLOOKUP(MATCH($P$1,总课表!$HK$3:$IH$3,0),总课表!$HK$2:$IH$42,ROW(),0)=0,"",(HLOOKUP(MATCH($P$1,总课表!$HK$3:$IH$3,0),总课表!$HK$2:$IH$42,ROW(),0))) | N8: =IF(HLOOKUP(MATCH($P$1,总课表!$II$3:$JF$3,0),总课表!$II$2:$JF$42,ROW(),0)=0,"",(HLOOKUP(MATCH($P$1,总课表!$II$3:$JF$3,0),总课表!$II$2:$JF$42,ROW(),0))) | O8: =IF(HLOOKUP(MATCH($P$1,总课表!$JG$3:$KD$3,0),总课表!$JG$2:$KD$42,ROW(),0)=0,"",(HLOOKUP(MATCH($P$1,总课表!$JG$3:$KD$3,0),总课表!$JG$2:$KD$42,ROW(),0)))
B9: 2 | C9: 8：30—9：10 | D9: =IF(HLOOKUP(MATCH($P$1,总课表!$C$3:$Z$3,0),总课表!$C$2:$Z$42,ROW(),0)=0,"",(HLOOKUP(MATCH($P$1,总课表!$C$3:$Z$3,0),总课表!$C$2:$Z$42,ROW(),0))) | E9: =IF(HLOOKUP(MATCH($P$1,总课表!$AA$3:$AX$3,0),总课表!$AA$2:$AX$42,ROW(),0)=0,"",(HLOOKUP(MATCH($P$1,总课表!$AA$3:$AX$3,0),总课表!$AA$2:$AX$42,ROW(),0))) | F9: =IF(HLOOKUP(MATCH($P$1,总课表!$AY$3:$BV$3,0),总课表!$AY$2:$BV$42,ROW(),0)=0,"",(HLOOKUP(MATCH($P$1,总课表!$AY$3:$BV$3,0),总课表!$AY$2:$BV$42,ROW(),0))) | G9: =IF(HLOOKUP(MATCH($P$1,总课表!$BW$3:$CV$3,0),总课表!$BW$2:$CV$42,ROW(),0)=0,"",(HLOOKUP(MATCH($P$1,总课表!$BW$3:$CV$3,0),总课表!$BW$2:$CV$42,ROW(),0))) | H9: =IF(HLOOKUP(MATCH($P$1,总课表!$CU$3:$DR$3,0),总课表!$CU$2:$DR$42,ROW(),0)=0,"",(HLOOKUP(MATCH($P$1,总课表!$CU$3:$DR$3,0),总课表!$CU$2:$DR$42,ROW(),0))) | I9: =IF(HLOOKUP(MATCH($P$1,总课表!$DS$3:$EP$3,0),总课表!$DS$2:$EP$42,ROW(),0)=0,"",(HLOOKUP(MATCH($P$1,总课表!$DS$3:$EP$3,0),总课表!$DS$2:$EP$42,ROW(),0))) | J9: =IF(HLOOKUP(MATCH($P$1,总课表!$EQ$3:$FN$3,0),总课表!$EQ$2:$FN$42,ROW(),0)=0,"",(HLOOKUP(MATCH($P$1,总课表!$EQ$3:$FN$3,0),总课表!$EQ$2:$FN$42,ROW(),0))) | K9: =IF(HLOOKUP(MATCH($P$1,总课表!$FO$3:$GL$3,0),总课表!$FO$2:$GL$42,ROW(),0)=0,"",(HLOOKUP(MATCH($P$1,总课表!$FO$3:$GL$3,0),总课表!$FO$2:$GL$42,ROW(),0))) | L9: =IF(HLOOKUP(MATCH($P$1,总课表!$GM$3:$HJ$3,0),总课表!$GM$2:$HJ$42,ROW(),0)=0,"",(HLOOKUP(MATCH($P$1,总课表!$GM$3:$HJ$3,0),总课表!$GM$2:$HJ$42,ROW(),0))) | M9: =IF(HLOOKUP(MATCH($P$1,总课表!$HK$3:$IH$3,0),总课表!$HK$2:$IH$42,ROW(),0)=0,"",(HLOOKUP(MATCH($P$1,总课表!$HK$3:$IH$3,0),总课表!$HK$2:$IH$42,ROW(),0))) | N9: =IF(HLOOKUP(MATCH($P$1,总课表!$II$3:$JF$3,0),总课表!$II$2:$JF$42,ROW(),0)=0,"",(HLOOKUP(MATCH($P$1,总课表!$II$3:$JF$3,0),总课表!$II$2:$JF$42,ROW(),0))) | O9: =IF(HLOOKUP(MATCH($P$1,总课表!$JG$3:$KD$3,0),总课表!$JG$2:$KD$42,ROW(),0)=0,"",(HLOOKUP(MATCH($P$1,总课表!$JG$3:$KD$3,0),总课表!$JG$2:$KD$42,ROW(),0)))
D10: =IF(HLOOKUP(MATCH($P$1,总课表!$C$3:$Z$3,0),总课表!$C$2:$Z$42,ROW(),0)=0,"",(HLOOKUP(MATCH($P$1,总课表!$C$3:$Z$3,0),总课表!$C$2:$Z$42,ROW(),0))) | E10: =IF(HLOOKUP(MATCH($P$1,总课表!$AA$3:$AX$3,0),总课表!$AA$2:$AX$42,ROW(),0)=0,"",(HLOOKUP(MATCH($P$1,总课表!$AA$3:$AX$3,0),总课表!$AA$2:$AX$42,ROW(),0))) | F10: =IF(HLOOKUP(MATCH($P$1,总课表!$AY$3:$BV$3,0),总课表!$AY$2:$BV$42,ROW(),0)=0,"",(HLOOKUP(MATCH($P$1,总课表!$AY$3:$BV$3,0),总课表!$AY$2:$BV$42,ROW(),0))) | G10: =IF(HLOOKUP(MATCH($P$1,总课表!$BW$3:$CV$3,0),总课表!$BW$2:$CV$42,ROW(),0)=0,"",(HLOOKUP(MATCH($P$1,总课表!$BW$3:$CV$3,0),总课表!$BW$2:$CV$42,ROW(),0))) | H10: =IF(HLOOKUP(MATCH($P$1,总课表!$CU$3:$DR$3,0),总课表!$CU$2:$DR$42,ROW(),0)=0,"",(HLOOKUP(MATCH($P$1,总课表!$CU$3:$DR$3,0),总课表!$CU$2:$DR$42,ROW(),0))) | I10: =IF(HLOOKUP(MATCH($P$1,总课表!$DS$3:$EP$3,0),总课表!$DS$2:$EP$42,ROW(),0)=0,"",(HLOOKUP(MATCH($P$1,总课表!$DS$3:$EP$3,0),总课表!$DS$2:$EP$42,ROW(),0))) | J10: =IF(HLOOKUP(MATCH($P$1,总课表!$EQ$3:$FN$3,0),总课表!$EQ$2:$FN$42,ROW(),0)=0,"",(HLOOKUP(MATCH($P$1,总课表!$EQ$3:$FN$3,0),总课表!$EQ$2:$FN$42,ROW(),0))) | K10: =IF(HLOOKUP(MATCH($P$1,总课表!$FO$3:$GL$3,0),总课表!$FO$2:$GL$42,ROW(),0)=0,"",(HLOOKUP(MATCH($P$1,总课表!$FO$3:$GL$3,0),总课表!$FO$2:$GL$42,ROW(),0))) | L10: =IF(HLOOKUP(MATCH($P$1,总课表!$GM$3:$HJ$3,0),总课表!$GM$2:$HJ$42,ROW(),0)=0,"",(HLOOKUP(MATCH($P$1,总课表!$GM$3:$HJ$3,0),总课表!$GM$2:$HJ$42,ROW(),0))) | M10: =IF(HLOOKUP(MATCH($P$1,总课表!$HK$3:$IH$3,0),总课表!$HK$2:$IH$42,ROW(),0)=0,"",(HLOOKUP(MATCH($P$1,总课表!$HK$3:$IH$3,0),总课表!$HK$2:$IH$42,ROW(),0))) | N10: =IF(HLOOKUP(MATCH($P$1,总课表!$II$3:$JF$3,0),总课表!$II$2:$JF$42,ROW(),0)=0,"",(HLOOKUP(MATCH($P$1,总课表!$II$3:$JF$3,0),总课表!$II$2:$JF$42,ROW(),0))) | O10: =IF(HLOOKUP(MATCH($P$1,总课表!$JG$3:$KD$3,0),总课表!$JG$2:$KD$42,ROW(),0)=0,"",(HLOOKUP(MATCH($P$1,总课表!$JG$3:$KD$3,0),总课表!$JG$2:$KD$42,ROW(),0)))
B11: 大课间 | C11: 9：10—9：40 | D11: 大 课 间
B13: 3 | C13: 9:40—10:20 | D13: =IF(HLOOKUP(MATCH($P$1,总课表!$C$3:$Z$3,0),总课表!$C$2:$Z$42,ROW(),0)=0,"",(HLOOKUP(MATCH($P$1,总课表!$C$3:$Z$3,0),总课表!$C$2:$Z$42,ROW(),0))) | E13: =IF(HLOOKUP(MATCH($P$1,总课表!$AA$3:$AX$3,0),总课表!$AA$2:$AX$42,ROW(),0)=0,"",(HLOOKUP(MATCH($P$1,总课表!$AA$3:$AX$3,0),总课表!$AA$2:$AX$42,ROW(),0))) -> 英语 | F13: =IF(HLOOKUP(MATCH($P$1,总课表!$AY$3:$BV$3,0),总课表!$AY$2:$BV$42,ROW(),0)=0,"",(HLOOKUP(MATCH($P$1,总课表!$AY$3:$BV$3,0),总课表!$AY$2:$BV$42,ROW(),0))) | G13: =IF(HLOOKUP(MATCH($P$1,总课表!$BW$3:$CV$3,0),总课表!$BW$2:$CV$42,ROW(),0)=0,"",(HLOOKUP(MATCH($P$1,总课表!$BW$3:$CV$3,0),总课表!$BW$2:$CV$42,ROW(),0))) -> 英语 | H13: =IF(HLOOKUP(MATCH($P$1,总课表!$CU$3:$DR$3,0),总课表!$CU$2:$DR$42,ROW(),0)=0,"",(HLOOKUP(MATCH($P$1,总课表!$CU$3:$DR$3,0),总课表!$CU$2:$DR$42,ROW(),0))) | I13: =IF(HLOOKUP(MATCH($P$1,总课表!$DS$3:$EP$3,0),总课表!$DS$2:$EP$42,ROW(),0)=0,"",(HLOOKUP(MATCH($P$1,总课表!$DS$3:$EP$3,0),总课表!$DS$2:$EP$42,ROW(),0))) | J13: =IF(HLOOKUP(MATCH($P$1,总课表!$EQ$3:$FN$3,0),总课表!$EQ$2:$FN$42,ROW(),0)=0,"",(HLOOKUP(MATCH($P$1,总课表!$EQ$3:$FN$3,0),总课表!$EQ$2:$FN$42,ROW(),0))) | K13: =IF(HLOOKUP(MATCH($P$1,总课表!$FO$3:$GL$3,0),总课表!$FO$2:$GL$42,ROW(),0)=0,"",(HLOOKUP(MATCH($P$1,总课表!$FO$3:$GL$3,0),总课表!$FO$2:$GL$42,ROW(),0))) | L13: =IF(HLOOKUP(MATCH($P$1,总课表!$GM$3:$HJ$3,0),总课表!$GM$2:$HJ$42,ROW(),0)=0,"",(HLOOKUP(MATCH($P$1,总课表!$GM$3:$HJ$3,0),总课表!$GM$2:$HJ$42,ROW(),0))) -> 英语 | M13: =IF(HLOOKUP(MATCH($P$1,总课表!$HK$3:$IH$3,0),总课表!$HK$2:$IH$42,ROW(),0)=0,"",(HLOOKUP(MATCH($P$1,总课表!$HK$3:$IH$3,0),总课表!$HK$2:$IH$42,ROW(),0))) | N13: =IF(HLOOKUP(MATCH($P$1,总课表!$II$3:$JF$3,0),总课表!$II$2:$JF$42,ROW(),0)=0,"",(HLOOKUP(MATCH($P$1,总课表!$II$3:$JF$3,0),总课表!$II$2:$JF$42,ROW(),0))) -> 英语 | O13: =IF(HLOOKUP(MATCH($P$1,总课表!$JG$3:$KD$3,0),总课表!$JG$2:$KD$42,ROW(),0)=0,"",(HLOOKUP(MATCH($P$1,总课表!$JG$3:$KD$3,0),总课表!$JG$2:$KD$42,ROW(),0)))
D14: =IF(HLOOKUP(MATCH($P$1,总课表!$C$3:$Z$3,0),总课表!$C$2:$Z$42,ROW(),0)=0,"",(HLOOKUP(MATCH($P$1,总课表!$C$3:$Z$3,0),总课表!$C$2:$Z$42,ROW(),0))) | E14: =IF(HLOOKUP(MATCH($P$1,总课表!$AA$3:$AX$3,0),总课表!$AA$2:$AX$42,ROW(),0)=0,"",(HLOOKUP(MATCH($P$1,总课表!$AA$3:$AX$3,0),总课表!$AA$2:$AX$42,ROW(),0))) -> 岳海霞 | F14: =IF(HLOOKUP(MATCH($P$1,总课表!$AY$3:$BV$3,0),总课表!$AY$2:$BV$42,ROW(),0)=0,"",(HLOOKUP(MATCH($P$1,总课表!$AY$3:$BV$3,0),总课表!$AY$2:$BV$42,ROW(),0))) | G14: =IF(HLOOKUP(MATCH($P$1,总课表!$BW$3:$CV$3,0),总课表!$BW$2:$CV$42,ROW(),0)=0,"",(HLOOKUP(MATCH($P$1,总课表!$BW$3:$CV$3,0),总课表!$BW$2:$CV$42,ROW(),0))) -> 岳海霞 | H14: =IF(HLOOKUP(MATCH($P$1,总课表!$CU$3:$DR$3,0),总课表!$CU$2:$DR$42,ROW(),0)=0,"",(HLOOKUP(MATCH($P$1,总课表!$CU$3:$DR$3,0),总课表!$CU$2:$DR$42,ROW(),0))) | I14: =IF(HLOOKUP(MATCH($P$1,总课表!$DS$3:$EP$3,0),总课表!$DS$2:$EP$42,ROW(),0)=0,"",(HLOOKUP(MATCH($P$1,总课表!$DS$3:$EP$3,0),总课表!$DS$2:$EP$42,ROW(),0))) | J14: =IF(HLOOKUP(MATCH($P$1,总课表!$EQ$3:$FN$3,0),总课表!$EQ$2:$FN$42,ROW(),0)=0,"",(HLOOKUP(MATCH($P$1,总课表!$EQ$3:$FN$3,0),总课表!$EQ$2:$FN$42,ROW(),0))) | K14: =IF(HLOOKUP(MATCH($P$1,总课表!$FO$3:$GL$3,0),总课表!$FO$2:$GL$42,ROW(),0)=0,"",(HLOOKUP(MATCH($P$1,总课表!$FO$3:$GL$3,0),总课表!$FO$2:$GL$42,ROW(),0))) | L14: =IF(HLOOKUP(MATCH($P$1,总课表!$GM$3:$HJ$3,0),总课表!$GM$2:$HJ$42,ROW(),0)=0,"",(HLOOKUP(MATCH($P$1,总课表!$GM$3:$HJ$3,0),总课表!$GM$2:$HJ$42,ROW(),0))) -> 岳海霞 | M14: =IF(HLOOKUP(MATCH($P$1,总课表!$HK$3:$IH$3,0),总课表!$HK$2:$IH$42,ROW(),0)=0,"",(HLOOKUP(MATCH($P$1,总课表!$HK$3:$IH$3,0),总课表!$HK$2:$IH$42,ROW(),0))) | N14: =IF(HLOOKUP(MATCH($P$1,总课表!$II$3:$JF$3,0),总课表!$II$2:$JF$42,ROW(),0)=0,"",(HLOOKUP(MATCH($P$1,总课表!$II$3:$JF$3,0),总课表!$II$2:$JF$42,ROW(),0))) -> 岳海霞 | O14: =IF(HLOOKUP(MATCH($P$1,总课表!$JG$3:$KD$3,0),总课表!$JG$2:$KD$42,ROW(),0)=0,"",(HLOOKUP(MATCH($P$1,总课表!$JG$3:$KD$3,0),总课表!$JG$2:$KD$42,ROW(),0)))
B15: 4 | C15: 10:30—11：10 | D15: =IF(HLOOKUP(MATCH($P$1,总课表!$C$3:$Z$3,0),总课表!$C$2:$Z$42,ROW(),0)=0,"",(HLOOKUP(MATCH($P$1,总课表!$C$3:$Z$3,0),总课表!$C$2:$Z$42,ROW(),0))) | E15: =IF(HLOOKUP(MATCH($P$1,总课表!$AA$3:$AX$3,0),总课表!$AA$2:$AX$42,ROW(),0)=0,"",(HLOOKUP(MATCH($P$1,总课表!$AA$3:$AX$3,0),总课表!$AA$2:$AX$42,ROW(),0))) -> 英语 | F15: =IF(HLOOKUP(MATCH($P$1,总课表!$AY$3:$BV$3,0),总课表!$AY$2:$BV$42,ROW(),0)=0,"",(HLOOKUP(MATCH($P$1,总课表!$AY$3:$BV$3,0),总课表!$AY$2:$BV$42,ROW(),0))) | G15: =IF(HLOOKUP(MATCH($P$1,总课表!$BW$3:$CV$3,0),总课表!$BW$2:$CV$42,ROW(),0)=0,"",(HLOOKUP(MATCH($P$1,总课表!$BW$3:$CV$3,0),总课表!$BW$2:$CV$42,ROW(),0))) | H15: =IF(HLOOKUP(MATCH($P$1,总课表!$CU$3:$DR$3,0),总课表!$CU$2:$DR$42,ROW(),0)=0,"",(HLOOKUP(MATCH($P$1,总课表!$CU$3:$DR$3,0),总课表!$CU$2:$DR$42,ROW(),0))) -> 英语 | I15: =IF(HLOOKUP(MATCH($P$1,总课表!$DS$3:$EP$3,0),总课表!$DS$2:$EP$42,ROW(),0)=0,"",(HLOOKUP(MATCH($P$1,总课表!$DS$3:$EP$3,0),总课表!$DS$2:$EP$42,ROW(),0))) | J15: =IF(HLOOKUP(MATCH($P$1,总课表!$EQ$3:$FN$3,0),总课表!$EQ$2:$FN$42,ROW(),0)=0,"",(HLOOKUP(MATCH($P$1,总课表!$EQ$3:$FN$3,0),总课表!$EQ$2:$FN$42,ROW(),0))) -> 英语 | K15: =IF(HLOOKUP(MATCH($P$1,总课表!$FO$3:$GL$3,0),总课表!$FO$2:$GL$42,ROW(),0)=0,"",(HLOOKUP(MATCH($P$1,总课表!$FO$3:$GL$3,0),总课表!$FO$2:$GL$42,ROW(),0))) | L15: =IF(HLOOKUP(MATCH($P$1,总课表!$GM$3:$HJ$3,0),总课表!$GM$2:$HJ$42,ROW(),0)=0,"",(HLOOKUP(MATCH($P$1,总课表!$GM$3:$HJ$3,0),总课表!$GM$2:$HJ$42,ROW(),0))) | M15: =IF(HLOOKUP(MATCH($P$1,总课表!$HK$3:$IH$3,0),总课表!$HK$2:$IH$42,ROW(),0)=0,"",(HLOOKUP(MATCH($P$1,总课表!$HK$3:$IH$3,0),总课表!$HK$2:$IH$42,ROW(),0))) | N15: =IF(HLOOKUP(MATCH($P$1,总课表!$II$3:$JF$3,0),总课表!$II$2:$JF$42,ROW(),0)=0,"",(HLOOKUP(MATCH($P$1,总课表!$II$3:$JF$3,0),总课表!$II$2:$JF$42,ROW(),0))) | O15: =IF(HLOOKUP(MATCH($P$1,总课表!$JG$3:$KD$3,0),总课表!$JG$2:$KD$42,ROW(),0)=0,"",(HLOOKUP(MATCH($P$1,总课表!$JG$3:$KD$3,0),总课表!$JG$2:$KD$42,ROW(),0))) -> 英语
D16: =IF(HLOOKUP(MATCH($P$1,总课表!$C$3:$Z$3,0),总课表!$C$2:$Z$42,ROW(),0)=0,"",(HLOOKUP(MATCH($P$1,总课表!$C$3:$Z$3,0),总课表!$C$2:$Z$42,ROW(),0))) | E16: =IF(HLOOKUP(MATCH($P$1,总课表!$AA$3:$AX$3,0),总课表!$AA$2:$AX$42,ROW(),0)=0,"",(HLOOKUP(MATCH($P$1,总课表!$AA$3:$AX$3,0),总课表!$AA$2:$AX$42,ROW(),0))) -> 岳海霞 | F16: =IF(HLOOKUP(MATCH($P$1,总课表!$AY$3:$BV$3,0),总课表!$AY$2:$BV$42,ROW(),0)=0,"",(HLOOKUP(MATCH($P$1,总课表!$AY$3:$BV$3,0),总课表!$AY$2:$BV$42,ROW(),0))) | G16: =IF(HLOOKUP(MATCH($P$1,总课表!$BW$3:$CV$3,0),总课表!$BW$2:$CV$42,ROW(),0)=0,"",(HLOOKUP(MATCH($P$1,总课表!$BW$3:$CV$3,0),总课表!$BW$2:$CV$42,ROW(),0))) | H16: =IF(HLOOKUP(MATCH($P$1,总课表!$CU$3:$DR$3,0),总课表!$CU$2:$DR$42,ROW(),0)=0,"",(HLOOKUP(MATCH($P$1,总课表!$CU$3:$DR$3,0),总课表!$CU$2:$DR$42,ROW(),0))) -> 岳海霞 | I16: =IF(HLOOKUP(MATCH($P$1,总课表!$DS$3:$EP$3,0),总课表!$DS$2:$EP$42,ROW(),0)=0,"",(HLOOKUP(MATCH($P$1,总课表!$DS$3:$EP$3,0),总课表!$DS$2:$EP$42,ROW(),0))) | J16: =IF(HLOOKUP(MATCH($P$1,总课表!$EQ$3:$FN$3,0),总课表!$EQ$2:$FN$42,ROW(),0)=0,"",(HLOOKUP(MATCH($P$1,总课表!$EQ$3:$FN$3,0),总课表!$EQ$2:$FN$42,ROW(),0))) -> 岳海霞 | K16: =IF(HLOOKUP(MATCH($P$1,总课表!$FO$3:$GL$3,0),总课表!$FO$2:$GL$42,ROW(),0)=0,"",(HLOOKUP(MATCH($P$1,总课表!$FO$3:$GL$3,0),总课表!$FO$2:$GL$42,ROW(),0))) | L16: =IF(HLOOKUP(MATCH($P$1,总课表!$GM$3:$HJ$3,0),总课表!$GM$2:$HJ$42,ROW(),0)=0,"",(HLOOKUP(MATCH($P$1,总课表!$GM$3:$HJ$3,0),总课表!$GM$2:$HJ$42,ROW(),0))) | M16: =IF(HLOOKUP(MATCH($P$1,总课表!$HK$3:$IH$3,0),总课表!$HK$2:$IH$42,ROW(),0)=0,"",(HLOOKUP(MATCH($P$1,总课表!$HK$3:$IH$3,0),总课表!$HK$2:$IH$42,ROW(),0))) | N16: =IF(HLOOKUP(MATCH($P$1,总课表!$II$3:$JF$3,0),总课表!$II$2:$JF$42,ROW(),0)=0,"",(HLOOKUP(MATCH($P$1,总课表!$II$3:$JF$3,0),总课表!$II$2:$JF$42,ROW(),0))) | O16: =IF(HLOOKUP(MATCH($P$1,总课表!$JG$3:$KD$3,0),总课表!$JG$2:$KD$42,ROW(),0)=0,"",(HLOOKUP(MATCH($P$1,总课表!$JG$3:$KD$3,0),总课表!$JG$2:$KD$42,ROW(),0))) -> 岳海霞
B17: 5 | C17: 11：20—12：00 | D17: =IF(HLOOKUP(MATCH($P$1,总课表!$C$3:$Z$3,0),总课表!$C$2:$Z$42,ROW(),0)=0,"",(HLOOKUP(MATCH($P$1,总课表!$C$3:$Z$3,0),总课表!$C$2:$Z$42,ROW(),0))) | E17: =IF(HLOOKUP(MATCH($P$1,总课表!$AA$3:$AX$3,0),总课表!$AA$2:$AX$42,ROW(),0)=0,"",(HLOOKUP(MATCH($P$1,总课表!$AA$3:$AX$3,0),总课表!$AA$2:$AX$42,ROW(),0))) | F17: =IF(HLOOKUP(MATCH($P$1,总课表!$AY$3:$BV$3,0),总课表!$AY$2:$BV$42,ROW(),0)=0,"",(HLOOKUP(MATCH($P$1,总课表!$AY$3:$BV$3,0),总课表!$AY$2:$BV$42,ROW(),0))) | G17: =IF(HLOOKUP(MATCH($P$1,总课表!$BW$3:$CV$3,0),总课表!$BW$2:$CV$42,ROW(),0)=0,"",(HLOOKUP(MATCH($P$1,总课表!$BW$3:$CV$3,0),总课表!$BW$2:$CV$42,ROW(),0))) | H17: =IF(HLOOKUP(MATCH($P$1,总课表!$CU$3:$DR$3,0),总课表!$CU$2:$DR$42,ROW(),0)=0,"",(HLOOKUP(MATCH($P$1,总课表!$CU$3:$DR$3,0),总课表!$CU$2:$DR$42,ROW(),0))) | I17: =IF(HLOOKUP(MATCH($P$1,总课表!$DS$3:$EP$3,0),总课表!$DS$2:$EP$42,ROW(),0)=0,"",(HLOOKUP(MATCH($P$1,总课表!$DS$3:$EP$3,0),总课表!$DS$2:$EP$42,ROW(),0))) | J17: =IF(HLOOKUP(MATCH($P$1,总课表!$EQ$3:$FN$3,0),总课表!$EQ$2:$FN$42,ROW(),0)=0,"",(HLOOKUP(MATCH($P$1,总课表!$EQ$3:$FN$3,0),总课表!$EQ$2:$FN$42,ROW(),0))) | K17: =IF(HLOOKUP(MATCH($P$1,总课表!$FO$3:$GL$3,0),总课表!$FO$2:$GL$42,ROW(),0)=0,"",(HLOOKUP(MATCH($P$1,总课表!$FO$3:$GL$3,0),总课表!$FO$2:$GL$42,ROW(),0))) | L17: =IF(HLOOKUP(MATCH($P$1,总课表!$GM$3:$HJ$3,0),总课表!$GM$2:$HJ$42,ROW(),0)=0,"",(HLOOKUP(MATCH($P$1,总课表!$GM$3:$HJ$3,0),总课表!$GM$2:$HJ$42,ROW(),0))) | M17: =IF(HLOOKUP(MATCH($P$1,总课表!$HK$3:$IH$3,0),总课表!$HK$2:$IH$42,ROW(),0)=0,"",(HLOOKUP(MATCH($P$1,总课表!$HK$3:$IH$3,0),总课表!$HK$2:$IH$42,ROW(),0))) | N17: =IF(HLOOKUP(MATCH($P$1,总课表!$II$3:$JF$3,0),总课表!$II$2:$JF$42,ROW(),0)=0,"",(HLOOKUP(MATCH($P$1,总课表!$II$3:$JF$3,0),总课表!$II$2:$JF$42,ROW(),0))) | O17: =IF(HLOOKUP(MATCH($P$1,总课表!$JG$3:$KD$3,0),总课表!$JG$2:$KD$42,ROW(),0)=0,"",(HLOOKUP(MATCH($P$1,总课表!$JG$3:$KD$3,0),总课表!$JG$2:$KD$42,ROW(),0)))
D18: =IF(HLOOKUP(MATCH($P$1,总课表!$C$3:$Z$3,0),总课表!$C$2:$Z$42,ROW(),0)=0,"",(HLOOKUP(MATCH($P$1,总课表!$C$3:$Z$3,0),总课表!$C$2:$Z$42,ROW(),0))) | E18: =IF(HLOOKUP(MATCH($P$1,总课表!$AA$3:$AX$3,0),总课表!$AA$2:$AX$42,ROW(),0)=0,"",(HLOOKUP(MATCH($P$1,总课表!$AA$3:$AX$3,0),总课表!$AA$2:$AX$42,ROW(),0))) | F18: =IF(HLOOKUP(MATCH($P$1,总课表!$AY$3:$BV$3,0),总课表!$AY$2:$BV$42,ROW(),0)=0,"",(HLOOKUP(MATCH($P$1,总课表!$AY$3:$BV$3,0),总课表!$AY$2:$BV$42,ROW(),0))) | G18: =IF(HLOOKUP(MATCH($P$1,总课表!$BW$3:$CV$3,0),总课表!$BW$2:$CV$42,ROW(),0)=0,"",(HLOOKUP(MATCH($P$1,总课表!$BW$3:$CV$3,0),总课表!$BW$2:$CV$42,ROW(),0))) | H18: =IF(HLOOKUP(MATCH($P$1,总课表!$CU$3:$DR$3,0),总课表!$CU$2:$DR$42,ROW(),0)=0,"",(HLOOKUP(MATCH($P$1,总课表!$CU$3:$DR$3,0),总课表!$CU$2:$DR$42,ROW(),0))) | I18: =IF(HLOOKUP(MATCH($P$1,总课表!$DS$3:$EP$3,0),总课表!$DS$2:$EP$42,ROW(),0)=0,"",(HLOOKUP(MATCH($P$1,总课表!$DS$3:$EP$3,0),总课表!$DS$2:$EP$42,ROW(),0))) | J18: =IF(HLOOKUP(MATCH($P$1,总课表!$EQ$3:$FN$3,0),总课表!$EQ$2:$FN$42,ROW(),0)=0,"",(HLOOKUP(MATCH($P$1,总课表!$EQ$3:$FN$3,0),总课表!$EQ$2:$FN$42,ROW(),0))) | K18: =IF(HLOOKUP(MATCH($P$1,总课表!$FO$3:$GL$3,0),总课表!$FO$2:$GL$42,ROW(),0)=0,"",(HLOOKUP(MATCH($P$1,总课表!$FO$3:$GL$3,0),总课表!$FO$2:$GL$42,ROW(),0))) | L18: =IF(HLOOKUP(MATCH($P$1,总课表!$GM$3:$HJ$3,0),总课表!$GM$2:$HJ$42,ROW(),0)=0,"",(HLOOKUP(MATCH($P$1,总课表!$GM$3:$HJ$3,0),总课表!$GM$2:$HJ$42,ROW(),0))) | M18: =IF(HLOOKUP(MATCH($P$1,总课表!$HK$3:$IH$3,0),总课表!$HK$2:$IH$42,ROW(),0)=0,"",(HLOOKUP(MATCH($P$1,总课表!$HK$3:$IH$3,0),总课表!$HK$2:$IH$42,ROW(),0))) | N18: =IF(HLOOKUP(MATCH($P$1,总课表!$II$3:$JF$3,0),总课表!$II$2:$JF$42,ROW(),0)=0,"",(HLOOKUP(MATCH($P$1,总课表!$II$3:$JF$3,0),总课表!$II$2:$JF$42,ROW(),0))) | O18: =IF(HLOOKUP(MATCH($P$1,总课表!$JG$3:$KD$3,0),总课表!$JG$2:$KD$42,ROW(),0)=0,"",(HLOOKUP(MATCH($P$1,总课表!$JG$3:$KD$3,0),总课表!$JG$2:$KD$42,ROW(),0)))
A19: 下 午 | B19: 午练 | C19: 14：05—14：50 | D19: =IF(HLOOKUP(MATCH($P$1,总课表!$C$3:$Z$3,0),总课表!$C$2:$Z$42,ROW(),0)=0,"",(HLOOKUP(MATCH($P$1,总课表!$C$3:$Z$3,0),总课表!$C$2:$Z$42,ROW(),0))) | E19: =IF(HLOOKUP(MATCH($P$1,总课表!$AA$3:$AX$3,0),总课表!$AA$2:$AX$42,ROW(),0)=0,"",(HLOOKUP(MATCH($P$1,总课表!$AA$3:$AX$3,0),总课表!$AA$2:$AX$42,ROW(),0))) | F19: =IF(HLOOKUP(MATCH($P$1,总课表!$AY$3:$BV$3,0),总课表!$AY$2:$BV$42,ROW(),0)=0,"",(HLOOKUP(MATCH($P$1,总课表!$AY$3:$BV$3,0),总课表!$AY$2:$BV$42,ROW(),0))) | G19: =IF(HLOOKUP(MATCH($P$1,总课表!$BW$3:$CV$3,0),总课表!$BW$2:$CV$42,ROW(),0)=0,"",(HLOOKUP(MATCH($P$1,总课表!$BW$3:$CV$3,0),总课表!$BW$2:$CV$42,ROW(),0))) | H19: =IF(HLOOKUP(MATCH($P$1,总课表!$CU$3:$DR$3,0),总课表!$CU$2:$DR$42,ROW(),0)=0,"",(HLOOKUP(MATCH($P$1,总课表!$CU$3:$DR$3,0),总课表!$CU$2:$DR$42,ROW(),0))) | I19: =IF(HLOOKUP(MATCH($P$1,总课表!$DS$3:$EP$3,0),总课表!$DS$2:$EP$42,ROW(),0)=0,"",(HLOOKUP(MATCH($P$1,总课表!$DS$3:$EP$3,0),总课表!$DS$2:$EP$42,ROW(),0))) | J19: =IF(HLOOKUP(MATCH($P$1,总课表!$EQ$3:$FN$3,0),总课表!$EQ$2:$FN$42,ROW(),0)=0,"",(HLOOKUP(MATCH($P$1,总课表!$EQ$3:$FN$3,0),总课表!$EQ$2:$FN$42,ROW(),0))) | K19: =IF(HLOOKUP(MATCH($P$1,总课表!$FO$3:$GL$3,0),总课表!$FO$2:$GL$42,ROW(),0)=0,"",(HLOOKUP(MATCH($P$1,总课表!$FO$3:$GL$3,0),总课表!$FO$2:$GL$42,ROW(),0))) | L19: =IF(HLOOKUP(MATCH($P$1,总课表!$GM$3:$HJ$3,0),总课表!$GM$2:$HJ$42,ROW(),0)=0,"",(HLOOKUP(MATCH($P$1,总课表!$GM$3:$HJ$3,0),总课表!$GM$2:$HJ$42,ROW(),0))) | M19: =IF(HLOOKUP(MATCH($P$1,总课表!$HK$3:$IH$3,0),总课表!$HK$2:$IH$42,ROW(),0)=0,"",(HLOOKUP(MATCH($P$1,总课表!$HK$3:$IH$3,0),总课表!$HK$2:$IH$42,ROW(),0))) | N19: =IF(HLOOKUP(MATCH($P$1,总课表!$II$3:$JF$3,0),总课表!$II$2:$JF$42,ROW(),0)=0,"",(HLOOKUP(MATCH($P$1,总课表!$II$3:$JF$3,0),总课表!$II$2:$JF$42,ROW(),0))) | O19: =IF(HLOOKUP(MATCH($P$1,总课表!$JG$3:$KD$3,0),总课表!$JG$2:$KD$42,ROW(),0)=0,"",(HLOOKUP(MATCH($P$1,总课表!$JG$3:$KD$3,0),总课表!$JG$2:$KD$42,ROW(),0)))
D20: =IF(HLOOKUP(MATCH($P$1,总课表!$C$3:$Z$3,0),总课表!$C$2:$Z$42,ROW(),0)=0,"",(HLOOKUP(MATCH($P$1,总课表!$C$3:$Z$3,0),总课表!$C$2:$Z$42,ROW(),0))) | E20: =IF(HLOOKUP(MATCH($P$1,总课表!$AA$3:$AX$3,0),总课表!$AA$2:$AX$42,ROW(),0)=0,"",(HLOOKUP(MATCH($P$1,总课表!$AA$3:$AX$3,0),总课表!$AA$2:$AX$42,ROW(),0))) | F20: =IF(HLOOKUP(MATCH($P$1,总课表!$AY$3:$BV$3,0),总课表!$AY$2:$BV$42,ROW(),0)=0,"",(HLOOKUP(MATCH($P$1,总课表!$AY$3:$BV$3,0),总课表!$AY$2:$BV$42,ROW(),0))) | G20: =IF(HLOOKUP(MATCH($P$1,总课表!$BW$3:$CV$3,0),总课表!$BW$2:$CV$42,ROW(),0)=0,"",(HLOOKUP(MATCH($P$1,总课表!$BW$3:$CV$3,0),总课表!$BW$2:$CV$42,ROW(),0))) | H20: =IF(HLOOKUP(MATCH($P$1,总课表!$CU$3:$DR$3,0),总课表!$CU$2:$DR$42,ROW(),0)=0,"",(HLOOKUP(MATCH($P$1,总课表!$CU$3:$DR$3,0),总课表!$CU$2:$DR$42,ROW(),0))) | I20: =IF(HLOOKUP(MATCH($P$1,总课表!$DS$3:$EP$3,0),总课表!$DS$2:$EP$42,ROW(),0)=0,"",(HLOOKUP(MATCH($P$1,总课表!$DS$3:$EP$3,0),总课表!$DS$2:$EP$42,ROW(),0))) | J20: =IF(HLOOKUP(MATCH($P$1,总课表!$EQ$3:$FN$3,0),总课表!$EQ$2:$FN$42,ROW(),0)=0,"",(HLOOKUP(MATCH($P$1,总课表!$EQ$3:$FN$3,0),总课表!$EQ$2:$FN$42,ROW(),0))) | K20: =IF(HLOOKUP(MATCH($P$1,总课表!$FO$3:$GL$3,0),总课表!$FO$2:$GL$42,ROW(),0)=0,"",(HLOOKUP(MATCH($P$1,总课表!$FO$3:$GL$3,0),总课表!$FO$2:$GL$42,ROW(),0))) | L20: =IF(HLOOKUP(MATCH($P$1,总课表!$GM$3:$HJ$3,0),总课表!$GM$2:$HJ$42,ROW(),0)=0,"",(HLOOKUP(MATCH($P$1,总课表!$GM$3:$HJ$3,0),总课表!$GM$2:$HJ$42,ROW(),0))) | M20: =IF(HLOOKUP(MATCH($P$1,总课表!$HK$3:$IH$3,0),总课表!$HK$2:$IH$42,ROW(),0)=0,"",(HLOOKUP(MATCH($P$1,总课表!$HK$3:$IH$3,0),总课表!$HK$2:$IH$42,ROW(),0))) | N20: =IF(HLOOKUP(MATCH($P$1,总课表!$II$3:$JF$3,0),总课表!$II$2:$JF$42,ROW(),0)=0,"",(HLOOKUP(MATCH($P$1,总课表!$II$3:$JF$3,0),总课表!$II$2:$JF$42,ROW(),0))) | O20: =IF(HLOOKUP(MATCH($P$1,总课表!$JG$3:$KD$3,0),总课表!$JG$2:$KD$42,ROW(),0)=0,"",(HLOOKUP(MATCH($P$1,总课表!$JG$3:$KD$3,0),总课表!$JG$2:$KD$42,ROW(),0)))
B21: 1 | C21: 14：15—14：55 | D21: =IF(HLOOKUP(MATCH($P$1,总课表!$C$3:$Z$3,0),总课表!$C$2:$Z$42,ROW(),0)=0,"",(HLOOKUP(MATCH($P$1,总课表!$C$3:$Z$3,0),总课表!$C$2:$Z$42,ROW(),0))) | E21: =IF(HLOOKUP(MATCH($P$1,总课表!$AA$3:$AX$3,0),总课表!$AA$2:$AX$42,ROW(),0)=0,"",(HLOOKUP(MATCH($P$1,总课表!$AA$3:$AX$3,0),总课表!$AA$2:$AX$42,ROW(),0))) | F21: =IF(HLOOKUP(MATCH($P$1,总课表!$AY$3:$BV$3,0),总课表!$AY$2:$BV$42,ROW(),0)=0,"",(HLOOKUP(MATCH($P$1,总课表!$AY$3:$BV$3,0),总课表!$AY$2:$BV$42,ROW(),0))) | G21: =IF(HLOOKUP(MATCH($P$1,总课表!$BW$3:$CV$3,0),总课表!$BW$2:$CV$42,ROW(),0)=0,"",(HLOOKUP(MATCH($P$1,总课表!$BW$3:$CV$3,0),总课表!$BW$2:$CV$42,ROW(),0))) | H21: =IF(HLOOKUP(MATCH($P$1,总课表!$CU$3:$DR$3,0),总课表!$CU$2:$DR$42,ROW(),0)=0,"",(HLOOKUP(MATCH($P$1,总课表!$CU$3:$DR$3,0),总课表!$CU$2:$DR$42,ROW(),0))) | I21: =IF(HLOOKUP(MATCH($P$1,总课表!$DS$3:$EP$3,0),总课表!$DS$2:$EP$42,ROW(),0)=0,"",(HLOOKUP(MATCH($P$1,总课表!$DS$3:$EP$3,0),总课表!$DS$2:$EP$42,ROW(),0))) | J21: =IF(HLOOKUP(MATCH($P$1,总课表!$EQ$3:$FN$3,0),总课表!$EQ$2:$FN$42,ROW(),0)=0,"",(HLOOKUP(MATCH($P$1,总课表!$EQ$3:$FN$3,0),总课表!$EQ$2:$FN$42,ROW(),0))) | K21: =IF(HLOOKUP(MATCH($P$1,总课表!$FO$3:$GL$3,0),总课表!$FO$2:$GL$42,ROW(),0)=0,"",(HLOOKUP(MATCH($P$1,总课表!$FO$3:$GL$3,0),总课表!$FO$2:$GL$42,ROW(),0))) | L21: =IF(HLOOKUP(MATCH($P$1,总课表!$GM$3:$HJ$3,0),总课表!$GM$2:$HJ$42,ROW(),0)=0,"",(HLOOKUP(MATCH($P$1,总课表!$GM$3:$HJ$3,0),总课表!$GM$2:$HJ$42,ROW(),0))) | M21: =IF(HLOOKUP(MATCH($P$1,总课表!$HK$3:$IH$3,0),总课表!$HK$2:$IH$42,ROW(),0)=0,"",(HLOOKUP(MATCH($P$1,总课表!$HK$3:$IH$3,0),总课表!$HK$2:$IH$42,ROW(),0))) | N21: =IF(HLOOKUP(MATCH($P$1,总课表!$II$3:$JF$3,0),总课表!$II$2:$JF$42,ROW(),0)=0,"",(HLOOKUP(MATCH($P$1,总课表!$II$3:$JF$3,0),总课表!$II$2:$JF$42,ROW(),0))) | O21: =IF(HLOOKUP(MATCH($P$1,总课表!$JG$3:$KD$3,0),总课表!$JG$2:$KD$42,ROW(),0)=0,"",(HLOOKUP(MATCH($P$1,总课表!$JG$3:$KD$3,0),总课表!$JG$2:$KD$42,ROW(),0)))
D22: =IF(HLOOKUP(MATCH($P$1,总课表!$C$3:$Z$3,0),总课表!$C$2:$Z$42,ROW(),0)=0,"",(HLOOKUP(MATCH($P$1,总课表!$C$3:$Z$3,0),总课表!$C$2:$Z$42,ROW(),0))) | E22: =IF(HLOOKUP(MATCH($P$1,总课表!$AA$3:$AX$3,0),总课表!$AA$2:$AX$42,ROW(),0)=0,"",(HLOOKUP(MATCH($P$1,总课表!$AA$3:$AX$3,0),总课表!$AA$2:$AX$42,ROW(),0))) | F22: =IF(HLOOKUP(MATCH($P$1,总课表!$AY$3:$BV$3,0),总课表!$AY$2:$BV$42,ROW(),0)=0,"",(HLOOKUP(MATCH($P$1,总课表!$AY$3:$BV$3,0),总课表!$AY$2:$BV$42,ROW(),0))) | G22: =IF(HLOOKUP(MATCH($P$1,总课表!$BW$3:$CV$3,0),总课表!$BW$2:$CV$42,ROW(),0)=0,"",(HLOOKUP(MATCH($P$1,总课表!$BW$3:$CV$3,0),总课表!$BW$2:$CV$42,ROW(),0))) | H22: =IF(HLOOKUP(MATCH($P$1,总课表!$CU$3:$DR$3,0),总课表!$CU$2:$DR$42,ROW(),0)=0,"",(HLOOKUP(MATCH($P$1,总课表!$CU$3:$DR$3,0),总课表!$CU$2:$DR$42,ROW(),0))) | I22: =IF(HLOOKUP(MATCH($P$1,总课表!$DS$3:$EP$3,0),总课表!$DS$2:$EP$42,ROW(),0)=0,"",(HLOOKUP(MATCH($P$1,总课表!$DS$3:$EP$3,0),总课表!$DS$2:$EP$42,ROW(),0))) | J22: =IF(HLOOKUP(MATCH($P$1,总课表!$EQ$3:$FN$3,0),总课表!$EQ$2:$FN$42,ROW(),0)=0,"",(HLOOKUP(MATCH($P$1,总课表!$EQ$3:$FN$3,0),总课表!$EQ$2:$FN$42,ROW(),0))) | K22: =IF(HLOOKUP(MATCH($P$1,总课表!$FO$3:$GL$3,0),总课表!$FO$2:$GL$42,ROW(),0)=0,"",(HLOOKUP(MATCH($P$1,总课表!$FO$3:$GL$3,0),总课表!$FO$2:$GL$42,ROW(),0))) | L22: =IF(HLOOKUP(MATCH($P$1,总课表!$GM$3:$HJ$3,0),总课表!$GM$2:$HJ$42,ROW(),0)=0,"",(HLOOKUP(MATCH($P$1,总课表!$GM$3:$HJ$3,0),总课表!$GM$2:$HJ$42,ROW(),0))) | M22: =IF(HLOOKUP(MATCH($P$1,总课表!$HK$3:$IH$3,0),总课表!$HK$2:$IH$42,ROW(),0)=0,"",(HLOOKUP(MATCH($P$1,总课表!$HK$3:$IH$3,0),总课表!$HK$2:$IH$42,ROW(),0))) | N22: =IF(HLOOKUP(MATCH($P$1,总课表!$II$3:$JF$3,0),总课表!$II$2:$JF$42,ROW(),0)=0,"",(HLOOKUP(MATCH($P$1,总课表!$II$3:$JF$3,0),总课表!$II$2:$JF$42,ROW(),0))) | O22: =IF(HLOOKUP(MATCH($P$1,总课表!$JG$3:$KD$3,0),总课表!$JG$2:$KD$42,ROW(),0)=0,"",(HLOOKUP(MATCH($P$1,总课表!$JG$3:$KD$3,0),总课表!$JG$2:$KD$42,ROW(),0)))
B23: 2 | C23: 15：05—15：45 | D23: =IF(HLOOKUP(MATCH($P$1,总课表!$C$3:$Z$3,0),总课表!$C$2:$Z$42,ROW(),0)=0,"",(HLOOKUP(MATCH($P$1,总课表!$C$3:$Z$3,0),总课表!$C$2:$Z$42,ROW(),0))) -> 英语 | E23: =IF(HLOOKUP(MATCH($P$1,总课表!$AA$3:$AX$3,0),总课表!$AA$2:$AX$42,ROW(),0)=0,"",(HLOOKUP(MATCH($P$1,总课表!$AA$3:$AX$3,0),总课表!$AA$2:$AX$42,ROW(),0))) | F23: =IF(HLOOKUP(MATCH($P$1,总课表!$AY$3:$BV$3,0),总课表!$AY$2:$BV$42,ROW(),0)=0,"",(HLOOKUP(MATCH($P$1,总课表!$AY$3:$BV$3,0),总课表!$AY$2:$BV$42,ROW(),0))) | G23: =IF(HLOOKUP(MATCH($P$1,总课表!$BW$3:$CV$3,0),总课表!$BW$2:$CV$42,ROW(),0)=0,"",(HLOOKUP(MATCH($P$1,总课表!$BW$3:$CV$3,0),总课表!$BW$2:$CV$42,ROW(),0))) | H23: =IF(HLOOKUP(MATCH($P$1,总课表!$CU$3:$DR$3,0),总课表!$CU$2:$DR$42,ROW(),0)=0,"",(HLOOKUP(MATCH($P$1,总课表!$CU$3:$DR$3,0),总课表!$CU$2:$DR$42,ROW(),0))) | I23: =IF(HLOOKUP(MATCH($P$1,总课表!$DS$3:$EP$3,0),总课表!$DS$2:$EP$42,ROW(),0)=0,"",(HLOOKUP(MATCH($P$1,总课表!$DS$3:$EP$3,0),总课表!$DS$2:$EP$42,ROW(),0))) | J23: =IF(HLOOKUP(MATCH($P$1,总课表!$EQ$3:$FN$3,0),总课表!$EQ$2:$FN$42,ROW(),0)=0,"",(HLOOKUP(MATCH($P$1,总课表!$EQ$3:$FN$3,0),总课表!$EQ$2:$FN$42,ROW(),0))) -> 英语 | K23: =IF(HLOOKUP(MATCH($P$1,总课表!$FO$3:$GL$3,0),总课表!$FO$2:$GL$42,ROW(),0)=0,"",(HLOOKUP(MATCH($P$1,总课表!$FO$3:$GL$3,0),总课表!$FO$2:$GL$42,ROW(),0))) -> 英语 | L23: =IF(HLOOKUP(MATCH($P$1,总课表!$GM$3:$HJ$3,0),总课表!$GM$2:$HJ$42,ROW(),0)=0,"",(HLOOKUP(MATCH($P$1,总课表!$GM$3:$HJ$3,0),总课表!$GM$2:$HJ$42,ROW(),0))) | M23: =IF(HLOOKUP(MATCH($P$1,总课表!$HK$3:$IH$3,0),总课表!$HK$2:$IH$42,ROW(),0)=0,"",(HLOOKUP(MATCH($P$1,总课表!$HK$3:$IH$3,0),总课表!$HK$2:$IH$42,ROW(),0))) | N23: =IF(HLOOKUP(MATCH($P$1,总课表!$II$3:$JF$3,0),总课表!$II$2:$JF$42,ROW(),0)=0,"",(HLOOKUP(MATCH($P$1,总课表!$II$3:$JF$3,0),总课表!$II$2:$JF$42,ROW(),0))) | O23: =IF(HLOOKUP(MATCH($P$1,总课表!$JG$3:$KD$3,0),总课表!$JG$2:$KD$42,ROW(),0)=0,"",(HLOOKUP(MATCH($P$1,总课表!$JG$3:$KD$3,0),总课表!$JG$2:$KD$42,ROW(),0)))
D24: =IF(HLOOKUP(MATCH($P$1,总课表!$C$3:$Z$3,0),总课表!$C$2:$Z$42,ROW(),0)=0,"",(HLOOKUP(MATCH($P$1,总课表!$C$3:$Z$3,0),总课表!$C$2:$Z$42,ROW(),0))) -> 岳海霞 | E24: =IF(HLOOKUP(MATCH($P$1,总课表!$AA$3:$AX$3,0),总课表!$AA$2:$AX$42,ROW(),0)=0,"",(HLOOKUP(MATCH($P$1,总课表!$AA$3:$AX$3,0),总课表!$AA$2:$AX$42,ROW(),0))) | F24: =IF(HLOOKUP(MATCH($P$1,总课表!$AY$3:$BV$3,0),总课表!$AY$2:$BV$42,ROW(),0)=0,"",(HLOOKUP(MATCH($P$1,总课表!$AY$3:$BV$3,0),总课表!$AY$2:$BV$42,ROW(),0))) | G24: =IF(HLOOKUP(MATCH($P$1,总课表!$BW$3:$CV$3,0),总课表!$BW$2:$CV$42,ROW(),0)=0,"",(HLOOKUP(MATCH($P$1,总课表!$BW$3:$CV$3,0),总课表!$BW$2:$CV$42,ROW(),0))) | H24: =IF(HLOOKUP(MATCH($P$1,总课表!$CU$3:$DR$3,0),总课表!$CU$2:$DR$42,ROW(),0)=0,"",(HLOOKUP(MATCH($P$1,总课表!$CU$3:$DR$3,0),总课表!$CU$2:$DR$42,ROW(),0))) | I24: =IF(HLOOKUP(MATCH($P$1,总课表!$DS$3:$EP$3,0),总课表!$DS$2:$EP$42,ROW(),0)=0,"",(HLOOKUP(MATCH($P$1,总课表!$DS$3:$EP$3,0),总课表!$DS$2:$EP$42,ROW(),0))) | J24: =IF(HLOOKUP(MATCH($P$1,总课表!$EQ$3:$FN$3,0),总课表!$EQ$2:$FN$42,ROW(),0)=0,"",(HLOOKUP(MATCH($P$1,总课表!$EQ$3:$FN$3,0),总课表!$EQ$2:$FN$42,ROW(),0))) -> 岳海霞 | K24: =IF(HLOOKUP(MATCH($P$1,总课表!$FO$3:$GL$3,0),总课表!$FO$2:$GL$42,ROW(),0)=0,"",(HLOOKUP(MATCH($P$1,总课表!$FO$3:$GL$3,0),总课表!$FO$2:$GL$42,ROW(),0))) -> 岳海霞 | L24: =IF(HLOOKUP(MATCH($P$1,总课表!$GM$3:$HJ$3,0),总课表!$GM$2:$HJ$42,ROW(),0)=0,"",(HLOOKUP(MATCH($P$1,总课表!$GM$3:$HJ$3,0),总课表!$GM$2:$HJ$42,ROW(),0))) | M24: =IF(HLOOKUP(MATCH($P$1,总课表!$HK$3:$IH$3,0),总课表!$HK$2:$IH$42,ROW(),0)=0,"",(HLOOKUP(MATCH($P$1,总课表!$HK$3:$IH$3,0),总课表!$HK$2:$IH$42,ROW(),0))) | N24: =IF(HLOOKUP(MATCH($P$1,总课表!$II$3:$JF$3,0),总课表!$II$2:$JF$42,ROW(),0)=0,"",(HLOOKUP(MATCH($P$1,总课表!$II$3:$JF$3,0),总课表!$II$2:$JF$42,ROW(),0))) | O24: =IF(HLOOKUP(MATCH($P$1,总课表!$JG$3:$KD$3,0),总课表!$JG$2:$KD$42,ROW(),0)=0,"",(HLOOKUP(MATCH($P$1,总课表!$JG$3:$KD$3,0),总课表!$JG$2:$KD$42,ROW(),0)))
B25: 大课间 | C25: 15：55—16：15 | D25: =IF(HLOOKUP(MATCH($P$1,总课表!$C$3:$Z$3,0),总课表!$C$2:$Z$42,ROW(),0)=0,"",(HLOOKUP(MATCH($P$1,总课表!$C$3:$Z$3,0),总课表!$C$2:$Z$42,ROW(),0))) | E25: =IF(HLOOKUP(MATCH($P$1,总课表!$AA$3:$AX$3,0),总课表!$AA$2:$AX$42,ROW(),0)=0,"",(HLOOKUP(MATCH($P$1,总课表!$AA$3:$AX$3,0),总课表!$AA$2:$AX$42,ROW(),0))) | F25: =IF(HLOOKUP(MATCH($P$1,总课表!$AY$3:$BV$3,0),总课表!$AY$2:$BV$42,ROW(),0)=0,"",(HLOOKUP(MATCH($P$1,总课表!$AY$3:$BV$3,0),总课表!$AY$2:$BV$42,ROW(),0))) | G25: =IF(HLOOKUP(MATCH($P$1,总课表!$BW$3:$CV$3,0),总课表!$BW$2:$CV$42,ROW(),0)=0,"",(HLOOKUP(MATCH($P$1,总课表!$BW$3:$CV$3,0),总课表!$BW$2:$CV$42,ROW(),0))) -> 英语 | H25: =IF(HLOOKUP(MATCH($P$1,总课表!$CU$3:$DR$3,0),总课表!$CU$2:$DR$42,ROW(),0)=0,"",(HLOOKUP(MATCH($P$1,总课表!$CU$3:$DR$3,0),总课表!$CU$2:$DR$42,ROW(),0))) | I25: =IF(HLOOKUP(MATCH($P$1,总课表!$DS$3:$EP$3,0),总课表!$DS$2:$EP$42,ROW(),0)=0,"",(HLOOKUP(MATCH($P$1,总课表!$DS$3:$EP$3,0),总课表!$DS$2:$EP$42,ROW(),0))) | J25: =IF(HLOOKUP(MATCH($P$1,总课表!$EQ$3:$FN$3,0),总课表!$EQ$2:$FN$42,ROW(),0)=0,"",(HLOOKUP(MATCH($P$1,总课表!$EQ$3:$FN$3,0),总课表!$EQ$2:$FN$42,ROW(),0))) | K25: =IF(HLOOKUP(MATCH($P$1,总课表!$FO$3:$GL$3,0),总课表!$FO$2:$GL$42,ROW(),0)=0,"",(HLOOKUP(MATCH($P$1,总课表!$FO$3:$GL$3,0),总课表!$FO$2:$GL$42,ROW(),0))) | L25: =IF(HLOOKUP(MATCH($P$1,总课表!$GM$3:$HJ$3,0),总课表!$GM$2:$HJ$42,ROW(),0)=0,"",(HLOOKUP(MATCH($P$1,总课表!$GM$3:$HJ$3,0),总课表!$GM$2:$HJ$42,ROW(),0))) | M25: =IF(HLOOKUP(MATCH($P$1,总课表!$HK$3:$IH$3,0),总课表!$HK$2:$IH$42,ROW(),0)=0,"",(HLOOKUP(MATCH($P$1,总课表!$HK$3:$IH$3,0),总课表!$HK$2:$IH$42,ROW(),0))) | N25: =IF(HLOOKUP(MATCH($P$1,总课表!$II$3:$JF$3,0),总课表!$II$2:$JF$42,ROW(),0)=0,"",(HLOOKUP(MATCH($P$1,总课表!$II$3:$JF$3,0),总课表!$II$2:$JF$42,ROW(),0))) | O25: =IF(HLOOKUP(MATCH($P$1,总课表!$JG$3:$KD$3,0),总课表!$JG$2:$KD$42,ROW(),0)=0,"",(HLOOKUP(MATCH($P$1,总课表!$JG$3:$KD$3,0),总课表!$JG$2:$KD$42,ROW(),0)))
